net,max_min,seed,nb_inequalities,nb_trips,def_nb_veh_D0,def_nb_veh_D1,def_obj_val,def_sol_time,def_col_gen_iter,def_tot_mem_use,ineq_nb_veh_D0,ineq_nb_veh_D1,ineq_obj_val,ineq_sol_time,ineq_col_gen_iter,ineq_tot_mem_use,model_acc
3b,2,1,80,966,0.0,59.9971,66748.06,376.5,130,61.426,0.0,59.9971,66738.07,293.7,120,59.753,0.9546862351031652
3b,2,3,82,1037,0.0,63.997,71037.86,400.4,123,64.361,0.0,63.997,71011.82,274.6,112,58.769,0.9627389841914351
3b,2,4,94,1026,0.0,68.9966,76535.34,1731.8,215,62.387,0.0,68.9966,76523.31,12932.3,415,75.336,0.9516542974922468
3b,2,5,78,1043,0.0,57.9973,64764.29,723.0,145,61.44,0.0,57.9973,64750.29,569.6,141,60.153,0.9619071786739909
3b,2,6,68,1063,0.0,61.9971,68483.77,9022.3,493,69.908,0.0,61.9971,68475.99,23142.0,525,77.242,0.9439219740801524
3b,2,7,76,1017,0.0,63.9964,70999.24,941.9,152,60.654,0.0,63.9964,70999.23,570.8,133,58.671,0.9553393135254561
3b,2,9,78,1049,0.0,63.9969,71047.7,311.9,113,68.887,0.0,63.9969,71033.68,1134.4,171,65.323,0.9612995144376068
3b,2,10,68,1067,0.0,61.997,69159.59,21681.0,504,67.033,0.0,61.997,69147.48,22117.8,468,78.733,0.9517798459892001
3b,2,11,83,1021,0.0,63.997,70689.74,391.2,127,59.897,0.0,63.997,70678.73,273.5,114,57.543,0.9609844375522546
3b,2,13,81,1024,0.0,63.9967,70841.54,460.9,130,62.909,0.0,63.9967,70833.48,371.2,121,56.703,0.9577439690717999
3b,2,14,92,1075,0.0,69.9964,77503.06,564.3,132,70.242,0.0,69.9964,77485.13,493.5,124,70.234,0.9651131840912863
3b,2,16,85,1056,0.0,68.9964,76559.12,6123.1,328,68.524,0.0,68.9963,76547.01,1473.8,184,62.212,0.9651822514807726
3b,2,17,81,1123,0.0,68.9966,76527.44,1032.7,156,69.06,0.0,68.9966,76495.31,439.4,131,67.789,0.9413120891831565
3b,2,19,62,1004,0.0,51.9977,58702.6,2932.4,292,70.158,0.0,51.9977,58675.56,1488.0,206,60.154,0.9406549352677237
3b,2,21,82,1010,0.0,57.9975,64952.38,8788.9,310,72.611,0.0,57.9975,64932.39,2931.1,312,67.782,0.9515101648265346
3b,2,22,82,1026,0.0,63.9969,70945.8,1400.6,175,66.836,0.0,63.9969,70933.78,436.0,130,62.742,0.9579911915315075
3b,2,23,81,1035,0.0,63.9972,71339.75,2696.2,241,62.666,0.0,63.9972,71271.77,1835.6,211,63.31,0.9402081967438598
3b,2,24,72,1003,0.0,57.9974,64512.28,520.8,151,59.526,0.0,57.9974,64510.26,972.6,184,67.025,0.9526179915940528
3b,2,25,89,1082,0.0,63.9969,72147.36,445.8,120,65.504,0.0,63.9969,72103.37,3961.1,332,73.382,0.9395137269050695
3b,2,27,70,986,0.0,57.997,64869.8,619.4,150,61.41,0.0,57.997,64857.78,709.7,157,58.913,0.9561947375949956
3b,2,28,79,971,0.0,65.9968,72855.61,1202.4,185,55.228,0.0,65.9968,72851.61,1273.8,211,55.743,0.9497678833671439
3b,2,29,70,1081,0.0,61.9971,68969.9,21740.7,543,78.475,0.0,61.9971,68934.74,11316.9,535,80.761,0.9323085291843074
3b,2,30,76,1009,0.0,57.9975,64636.37,1789.2,214,63.347,0.0,57.9975,64618.35,1955.1,259,59.843,0.9568541999722605
3b,2,31,93,1015,0.0,68.9966,76051.35,1181.0,179,72.089,0.0,68.9966,76047.35,4220.3,327,90.222,0.9600650156364487
3b,2,32,85,1053,0.0,63.9969,71877.57,6168.7,310,71.793,0.0,63.9969,71859.47,2588.7,226,74.927,0.9303705976085066
3b,2,34,77,969,0.0,57.997,64517.93,767.9,167,64.036,0.0,57.997,64513.91,240.5,120,58.095,0.961948269594443
3b,2,35,85,1158,0.0,68.9967,76953.17,1482.1,153,84.635,0.0,68.9967,76893.09,3832.4,249,103.35,0.9394776994819986
3b,2,36,82,1405,0.0,68.9968,78061.75,21633.6,366,105.906,0.0,68.9968,77972.75,10778.9,266,101.933,0.9439298952473314
3b,2,37,80,1121,0.0,64.9968,71999.51,1362.6,181,73.442,0.0,64.9967,71987.44,1761.8,188,76.121,0.9729244775848467
3b,2,38,78,1142,0.0,68.9967,76951.28,862.5,141,72.201,0.0,68.9967,76935.27,6479.8,260,83.568,0.9581523103729009
3b,2,40,87,1060,0.0,63.9968,71481.49,2965.6,254,70.037,0.0,63.9968,71465.46,2933.5,237,77.34,0.9531025812264339
3b,2,41,76,1107,0.0,63.9968,71645.22,6401.3,300,75.183,0.0,63.9968,71617.26,7946.0,344,82.07,0.9469061822796074
3b,2,43,89,1056,0.0,57.997,65319.79,4451.3,285,69.076,0.0,57.997,65279.78,1767.4,197,72.111,0.9259341083584665
3b,2,45,85,1024,0.0,68.9967,76229.61,1331.3,178,76.516,0.0,68.9967,76193.56,637.3,134,63.953,0.9534074828710838
3b,2,46,84,1076,0.0,68.9968,76675.47,728.1,125,65.625,0.0,68.9968,76670.45,483.3,118,64.187,0.9617392195962869
3b,2,47,85,1106,0.0,63.9964,71306.92,2615.7,214,82.289,0.0,63.9964,71302.9,1179.1,156,77.711,0.9539741709443493
3b,2,49,87,1110,0.0,63.9967,71679.23,6029.6,290,101.277,0.0,63.9966,71659.23,1358.5,165,82.592,0.9376741882788462
3b,2,51,83,1069,0.0,63.9967,71711.35,339.0,102,62.704,0.0,63.9967,71691.34,728.9,135,65.391,0.9576780554102834
3b,2,52,72,986,0.0,56.9974,63954.24,688.5,163,60.714,0.0,56.9973,63948.19,1952.5,245,60.146,0.9544580683739801
3b,2,53,77,1147,0.0,63.9967,71645.42,2504.4,203,72.367,0.0,63.9967,71627.41,1118.0,155,73.941,0.9596394980505635
3b,2,54,78,1001,0.0,57.9968,65099.61,743.9,159,60.805,0.0,57.9968,65091.6,536.1,139,60.033,0.9584714731214546
3b,2,55,86,1090,0.0,63.9964,72204.75,2657.6,198,80.829,0.0,63.9964,72138.79,2044.1,200,74.222,0.937134379283955
3b,2,56,86,1166,0.0,63.9968,71905.41,1768.2,182,83.545,0.0,63.9968,71819.3,1552.7,173,84.953,0.9393867707552997
3b,2,58,78,1091,0.0,61.997,69703.48,5166.7,325,72.686,0.0,61.997,69695.39,4336.7,308,78.203,0.9422282663443134
3b,2,59,77,989,0.0,50.9973,57624.08,2132.8,227,72.497,0.0,50.9973,57586.11,1212.1,183,67.033,0.9273559192048999
3b,2,60,75,956,0.0,57.9969,64649.74,295.0,116,56.575,0.0,57.9969,64639.75,727.5,158,54.251,0.9638259860852341
3b,2,61,71,984,0.0,50.9978,57946.52,1164.0,186,63.151,0.0,50.9978,57922.51,1186.2,192,59.427,0.9006873657437648
3b,2,62,72,1001,0.0,57.9974,64986.26,2742.2,289,63.416,0.0,57.9974,64930.2,793.6,156,57.656,0.9287107376096334
3b,2,63,91,1095,0.0,68.9962,76551.07,601.5,125,66.495,0.0,68.9962,76484.99,670.2,133,73.632,0.930015880437402
3b,2,64,73,1043,0.0,56.9972,64305.93,1391.5,188,68.357,0.0,56.9972,64273.89,1492.1,185,66.102,0.9329696231973771
3b,2,66,87,1052,0.0,63.9968,71439.53,592.0,126,67.086,0.0,63.9968,71379.47,650.8,133,68.002,0.955559670092943
3b,2,68,83,1107,0.0,63.9968,71577.48,605.1,125,70.196,0.0,63.9968,71575.47,1261.3,149,71.414,0.9617973891683049
3b,2,69,79,1125,0.0,57.9972,65187.71,569.1,135,71.982,0.0,57.9972,65140.71,1914.5,199,83.636,0.9411557357644853
3b,2,70,84,1013,0.0,57.9972,64951.87,2334.0,258,79.603,0.0,57.9972,64941.86,1208.5,187,60.124,0.9431049883356852
3b,2,71,83,996,0.0,63.9967,70975.51,2434.3,268,59.299,0.0,63.9964,70959.23,880.9,171,58.837,0.957084087664297
3b,2,72,85,1103,0.0,63.9966,71569.31,967.5,150,75.047,0.0,63.9966,71563.29,1686.7,172,72.837,0.9615507176955802
3b,2,73,71,997,0.0,50.9973,58054.2,2521.2,260,66.64,0.0,50.9973,57990.23,440.9,158,59.072,0.9230279328884305
3b,2,74,73,967,0.0,59.997,66497.77,2098.7,248,60.268,0.0,59.997,66487.79,854.3,183,63.757,0.9640851951282604
3b,2,75,77,1079,0.0,63.9968,70891.54,1351.6,181,67.85,0.0,63.9968,70885.56,408.7,122,65.927,0.962141810875481
3b,2,77,83,1072,0.0,63.9967,71623.2,21669.6,356,74.23,0.0,63.9967,71599.1,853.7,144,69.424,0.9330632483423886
3b,2,78,90,1135,0.0,63.9968,71983.3,2351.6,202,78.475,0.0,63.9968,71875.34,485.5,117,72.542,0.9405984146759485
3b,2,79,87,1017,0.0,68.9964,76049.19,382.0,128,57.172,0.0,68.9964,76041.19,3722.9,316,66.519,0.9647673097137277
3b,2,80,81,1031,0.0,63.9968,71139.58,1524.3,181,72.959,0.0,63.9968,71131.57,293.4,108,61.433,0.9659366422016187
3b,2,82,81,973,0.0,57.9973,64812.18,878.1,173,59.17,0.0,57.9973,64794.16,2065.1,242,59.519,0.9462795334294395
3b,2,83,78,942,0.0,63.9968,70897.72,182.9,107,54.237,0.0,63.9968,70871.72,237.6,117,60.367,0.9723236379302727
3b,2,85,82,1036,0.0,63.997,70999.85,1563.4,183,64.884,0.0,63.997,70989.82,962.1,173,71.877,0.9655931736856592
3b,2,86,82,1045,0.0,69.9967,77641.53,1781.8,188,74.344,0.0,69.9967,77633.52,594.8,124,61.441,0.9635499701283978
3b,2,87,78,1014,0.0,65.9969,72911.66,1628.3,206,67.192,0.0,65.9969,72909.67,622.2,133,62.841,0.9607704626355896
3b,2,88,73,1054,0.0,57.9973,66099.69,10066.2,306,72.179,0.0,57.9973,66051.69,4524.2,295,76.621,0.9484371905082597
3b,2,89,87,989,0.0,63.9967,71073.49,2899.6,273,64.453,0.0,63.9967,71057.45,388.5,129,57.142,0.9603757189864637
3b,2,90,76,1048,0.0,59.997,66791.91,2074.5,236,65.799,0.0,59.997,66775.84,1428.7,210,63.907,0.9626963198870943
3b,2,91,80,991,0.0,65.9967,73087.49,874.2,160,66.632,0.0,65.9967,73061.48,1202.6,194,57.18,0.95269310828402
3b,2,93,83,979,0.0,63.9969,70727.85,246.8,115,57.422,0.0,63.9969,70701.83,713.0,164,58.118,0.9634539033066241
3b,2,94,75,1390,0.0,67.9967,76166.7,3934.5,203,89.771,0.00137183,67.9953,76127.17,64184.4,240,95.561,0.9424693833608754
3b,2,96,75,973,0.0,57.9971,64448.07,746.2,173,59.329,0.0,57.9971,64432.05,1034.1,187,60.495,0.9587276414135953
3b,2,97,84,1061,0.0,63.9968,71837.48,1408.0,184,75.797,0.0,63.9968,71789.45,1682.3,180,75.63,0.9453947095356371
3b,2,99,80,1105,0.0,68.9967,76901.14,1188.4,151,70.65,0.0,68.9967,76855.11,3929.0,261,79.641,0.9416984282388071
3b,2,100,87,1096,0.0,63.9966,71821.32,580.7,123,73.662,0.0,63.9966,71813.28,417.4,121,68.41,0.9568036468596772
3b,2,101,70,1028,0.0,51.9976,59220.42,2407.5,243,68.993,0.0,51.9976,59156.47,420.2,130,58.784,0.8920966278014383
3b,2,102,85,1083,0.0,63.9968,71297.44,921.5,157,65.625,0.0,63.9968,71277.44,1016.7,167,63.385,0.9647806113570079
3b,2,103,78,1090,0.0,63.9967,71271.44,1898.4,191,71.422,0.0,63.9967,71267.42,2302.1,210,68.811,0.9651292889753242
3b,2,104,77,917,0.0,50.9976,57322.61,1199.5,224,53.298,0.0,50.9976,57294.61,602.0,160,57.483,0.9286530416398014
3b,2,105,73,1002,0.0,57.9969,64787.79,1241.0,198,60.721,0.0,57.9969,64777.74,405.7,136,56.937,0.955456156574582
3b,2,107,91,1061,0.0,69.9964,77319.13,2736.8,238,63.415,0.0,69.9964,77313.08,3295.9,286,84.061,0.9684615777402376
3b,2,108,80,956,0.0,65.9968,72735.69,434.5,137,55.22,0.0,65.9968,72731.66,773.6,170,56.658,0.9731634904497177
3b,2,109,81,1091,0.0,63.9963,72054.73,24370.5,281,81.283,0.0,63.9963,72016.7,1731.6,186,65.663,0.9583183270941679
3b,2,111,83,1083,0.00011492,63.9967,72296.22,24827.3,298,100.256,0.0,63.9968,72291.23,744.9,133,64.831,0.9552280395938374
3b,2,113,82,987,0.0,63.9968,71105.68,252.0,119,60.253,0.0,63.9968,71099.67,470.4,135,62.024,0.9533947959344714
3b,2,114,81,1047,0.0,59.9969,66599.89,23779.1,609,69.25,0.0,59.9969,66593.77,20942.9,623,70.264,0.948768585747803
3b,2,116,81,1068,0.0,68.9962,76732.92,764.6,136,63.468,0.0,68.996,76718.73,1944.8,203,67.858,0.9557867080619812
3b,2,117,81,1064,0.0,59.997,68095.34,444.3,103,74.026,0.0,58.9971,67113.42,464.0,116,63.438,0.9534477337790207
3b,2,119,76,1008,0.0,56.9972,63646.26,312.2,129,61.266,0.0,56.9972,63504.2,994.2,176,64.596,0.9448117889960077
3b,2,121,84,1029,0.0,50.9976,58024.58,1066.8,190,63.778,0.0,50.9976,57936.62,3360.0,315,74.048,0.875198710616107
3b,2,122,64,1041,0.0,51.9975,59044.34,803.6,148,63.778,0.0,51.9975,59000.29,871.8,158,63.665,0.8802854998033912
3b,2,123,89,1011,0.0,68.9968,76483.66,519.6,126,70.575,0.0,68.9968,76455.58,1048.6,171,57.899,0.9647954957442466
3b,2,124,74,959,0.0,59.9971,66949.95,317.9,122,61.464,0.0,59.9971,66885.93,315.9,124,60.911,0.9606113841102618
3b,2,125,79,1024,0.0,50.9976,58087.15,21608.3,590,83.319,0.0,50.9976,58077.4,21607.8,571,87.012,0.9382087696160226
3b,2,126,71,1018,0.0,57.9974,65194.33,959.9,172,67.744,0.0,57.9974,65134.31,4336.8,350,72.913,0.9208250703880524
3b,2,128,87,1047,0.0,57.9971,65205.78,1303.4,175,70.938,0.0,57.997,65171.19,504.5,131,66.026,0.9188483885748511
3b,2,129,70,1031,0.0,63.997,71003.89,1064.7,174,63.469,0.0,63.997,70977.91,992.2,181,58.489,0.9586104753557085
3b,2,130,82,1183,0.0,68.9965,76953.94,21799.2,338,75.795,0.0,68.9965,76921.22,645.8,132,69.749,0.9525082606060874
3b,2,131,82,1016,0.0,57.9971,65295.81,380.8,127,62.386,0.0,57.9971,65255.78,382.3,122,63.189,0.9342570356653743
3b,2,132,71,976,0.0,57.9972,64872.12,606.3,157,62.167,0.0,57.9972,64792.02,632.2,151,64.453,0.8959572458779643
3b,2,133,87,1198,0.0,68.9968,77441.05,4028.0,255,90.326,0.0,68.9968,77403.08,7380.3,318,95.343,0.9630533972225159
3b,2,135,82,1077,0.0,63.9966,71263.33,347.9,114,79.663,0.0,63.9966,71239.32,1311.8,169,64.944,0.9681895335720662
3b,2,136,75,1006,0.0,57.9975,64976.51,311.2,112,59.692,0.0,57.9975,64935.8,645.8,154,59.829,0.9329442487337224
3b,2,137,84,1032,0.0,63.9971,71277.91,3956.6,259,81.836,0.0,63.9971,71237.92,587.1,132,66.481,0.9527597794404322
3b,2,138,90,1047,0.0,68.9967,76319.46,361.2,115,66.443,0.0,68.9966,76295.44,321.9,113,63.597,0.9693101855924003
3b,2,139,89,1100,0.0,69.9963,77526.98,407.8,115,65.337,0.0,69.9962,77513.93,866.1,146,73.306,0.970907068934364
3b,2,140,85,1099,0.0,57.9971,65515.73,11523.6,223,86.55,0.0,57.9971,65489.7,2302.4,203,100.649,0.9480399694128462
3b,2,141,69,1040,0.0,51.9975,59066.38,1213.1,197,68.629,0.0,51.9975,59060.32,614.8,158,66.48,0.9167786506787954
3b,2,142,82,1042,0.0,68.9967,76401.58,360.9,108,68.13,0.0,68.9967,76351.59,772.8,147,62.591,0.9528308269659272
3b,2,144,80,1053,0.0,57.9974,65835.83,816.2,156,74.071,0.0,57.9974,65775.81,481.7,120,64.323,0.9448558537614798
3b,2,145,77,1047,0.0,59.997,66146.08,22257.8,667,78.173,0.0463319,59.9507,66144.15,23391.9,498,83.167,0.9566896039977043
3b,2,146,77,975,0.0,50.9977,57682.61,1473.7,223,70.885,0.0,50.9977,57666.57,1526.3,220,69.175,0.8772621994832349
3b,2,147,72,1041,0.0,59.9974,66654.13,1980.1,191,63.113,0.0,59.9974,66646.14,1435.5,202,66.064,0.9536527760176043
3b,2,148,82,1054,0.0,63.9966,71489.36,1080.8,166,62.507,0.0,63.9966,71469.29,875.4,156,62.871,0.9411230198263687
3b,2,151,78,1057,0.0,63.9964,71181.1,553.1,137,65.867,0.0,63.9964,71179.09,1816.4,209,73.042,0.9605741584218985
3b,2,152,75,951,0.0,59.9971,66682.02,2032.0,275,61.131,0.0,59.9971,66659.96,2710.6,252,67.874,0.9377598067763833
3b,2,153,85,1170,0.0,63.9969,71681.43,1212.2,150,94.828,0.0,63.9969,71671.39,703.9,124,76.431,0.9510491511555641
3b,2,154,91,1131,0.0,63.9969,72047.24,11466.1,412,97.455,0.0,63.9969,72013.25,992.0,135,73.291,0.9572360221837952
3b,2,155,76,1099,0.0,63.9968,71163.54,3526.8,245,76.795,0.0,63.9968,71159.54,1304.6,174,76.053,0.9607179356157384
3b,2,156,74,956,0.0,57.9969,65047.53,1587.9,220,57.755,0.0,57.9969,65029.51,2697.3,308,62.485,0.9366136054421769
3b,2,157,72,954,0.0,63.9967,70727.54,5478.5,441,62.758,0.0,63.9967,70697.54,1282.3,208,61.313,0.9616613462396595
3b,2,158,75,1028,0.0,57.9973,64900.1,1085.6,179,72.709,0.0,57.9973,64866.05,1125.0,174,69.893,0.9391037944246077
3b,2,159,66,991,0.0,50.9976,57734.43,557.2,167,62.901,0.0,50.9975,57730.13,22487.2,703,70.612,0.9326904755334261
3b,2,160,80,1014,0.0,63.9971,70235.84,615.7,152,59.896,0.0,63.997,70199.89,342.5,125,61.895,0.9522828661390148
3b,2,161,69,1055,0.0,51.9975,59124.32,1619.7,193,76.212,0.0,51.9975,59110.31,1010.0,156,69.84,0.9160045536857131
3b,2,163,80,994,0.0,68.9963,76081.13,286.6,117,64.869,0.0,68.9962,76073.05,269.2,117,56.915,0.9688902901157866
3b,2,164,81,984,0.0,63.9969,71205.82,286.0,118,54.032,0.0,63.9969,71161.82,364.3,124,54.743,0.9555797827486177
3b,2,166,84,1026,0.0,63.9968,71167.56,1355.6,198,64.952,0.0,63.9966,71145.35,800.5,159,64.46,0.9593273385387282
3b,2,167,87,1084,0.0,63.9967,71163.44,747.5,133,70.279,0.0,63.9967,71145.43,5036.0,332,89.6,0.9527507473128538
3b,2,169,75,1048,0.0,63.9969,71337.61,264.4,103,64.18,0.0,63.9969,71335.6,481.3,127,64.21,0.957460833496819
3b,2,170,75,989,0.0,63.9966,70893.4,420.0,124,62.742,0.0,63.9964,70871.27,275.6,114,57.513,0.9614529140744589
3b,2,172,81,1098,0.0,63.997,71909.46,1055.9,139,82.327,0.0,63.997,71835.41,2184.2,180,82.698,0.9296998071194205
3b,2,173,85,1079,0.0,63.9965,71155.22,5252.9,325,81.578,0.0,63.9965,71147.26,957.0,168,67.343,0.9698485790974274
3b,2,174,91,1057,0.0,68.9966,76795.31,1360.5,158,71.256,0.0,68.9966,76765.31,1270.2,158,78.075,0.9559991927664858
3b,2p5,0,72,879,0.0,53.9972,60482.17,520.7,152,52.784,0.0,53.9972,60480.16,460.9,133,51.422,0.9507799279550976
3b,2p5,2,80,882,0.0,43.9976,50866.44,492.5,147,53.851,0.0,43.9976,50840.42,915.7,180,60.185,0.9265702853316271
3b,2p5,3,72,833,0.0,55.9968,62053.81,1137.7,287,48.085,0.0,55.9968,62049.8,1360.0,312,47.918,0.9537061010032246
3b,2p5,5,63,837,0.0,50.9975,57586.51,1427.6,275,52.035,0.0,50.9975,57564.53,287.9,136,45.973,0.9622382137033265
3b,2p5,6,59,859,0.0,47.9977,54312.69,309.1,141,51.028,0.0,47.9977,54304.69,1330.2,265,56.696,0.9523253264514645
3b,2p5,7,73,857,0.0,53.9974,60604.26,164.3,101,54.351,0.0,53.9974,60552.22,179.4,108,48.682,0.9470136514370884
3b,2p5,8,78,829,0.0,55.9969,62117.93,3045.1,355,57.053,0.0,55.9969,62113.9,609.3,168,48.622,0.9644042198819512
3b,2p5,9,72,831,0.0,53.997,60284.02,951.1,226,54.419,0.0,53.997,60277.98,433.3,168,54.336,0.9401363353930375
3b,2p5,11,74,827,0.0,53.9974,60708.34,177.1,116,50.56,0.0,53.9974,60702.32,166.3,107,46.768,0.949568740826731
3b,2p5,12,72,849,0.0,50.9974,57366.31,1335.7,246,57.658,0.0,50.9974,57356.32,2970.4,433,57.196,0.9303334203669078
3b,2p5,13,70,803,0.0,50.9974,57624.34,785.9,221,48.032,0.0,50.9974,57580.33,1250.3,289,45.398,0.922438315135572
3b,2p5,14,73,870,0.0,56.9972,63358.12,364.8,145,50.938,0.0,56.9972,63350.12,607.8,198,49.583,0.9587004223313483
3b,2p5,15,65,741,0.0,47.9976,54114.87,197.9,123,40.783,0.0,47.9976,54114.84,196.7,120,41.668,0.9176198295631494
3b,2p5,17,68,925,0.0,56.9974,63608.41,2092.8,274,58.338,0.0,56.9974,63596.42,639.3,163,57.718,0.9613639460013387
3b,2p5,18,64,764,0.0,47.9977,53564.86,208.4,139,43.363,0.0,47.9977,53546.86,109.0,106,42.583,0.9577013137019609
3b,2p5,19,61,825,0.0,45.9974,52454.25,333.4,132,54.101,0.0,45.9974,52432.22,617.3,195,48.13,0.927604979823263
3b,2p5,20,73,805,0.0,53.9973,60216.34,609.5,182,53.397,0.0,53.9973,60202.36,230.5,138,43.242,0.9598891094370292
3b,2p5,21,69,808,0.0,50.9973,57372.36,332.8,145,50.484,0.0,50.9973,57344.36,261.8,134,45.043,0.953497092088151
3b,2p5,23,68,875,0.0,48.9977,54840.8,776.3,210,51.754,0.0,48.9974,54828.56,602.7,186,50.816,0.8801292700076816
3b,2p5,24,63,788,0.0,48.9977,55348.85,413.5,161,48.675,0.0,48.9977,55324.84,220.0,129,46.882,0.9478021572804528
3b,2p5,26,60,846,0.0,45.9974,52030.34,925.1,229,52.217,0.0,45.9974,52026.36,668.2,198,51.944,0.9512399246415265
3b,2p5,27,63,769,0.0,49.9978,55524.89,203.5,141,47.404,0.0,49.9978,55518.9,186.8,136,45.315,0.9668092352690753
3b,2p5,29,66,891,0.0,53.9974,60424.46,186.2,110,58.217,0.0,53.9974,60420.46,274.3,122,51.679,0.9584053137068178
3b,2p5,30,69,802,0.0,48.9977,55162.71,1822.6,322,51.513,0.0,48.9977,55144.68,662.0,208,47.934,0.9586990925298985
3b,2p5,32,74,859,0.0,43.9978,51022.78,400.4,154,57.537,0.0,43.9978,50966.69,268.3,127,56.038,0.8787994732959676
3b,2p5,33,61,885,0.0,45.9974,52028.42,674.7,179,53.207,0.0,45.9974,52002.41,345.9,139,53.245,0.944411988478887
3b,2p5,34,65,776,0.0,48.9977,54836.73,169.7,124,43.567,0.0,48.9977,54821.73,196.1,129,45.406,0.9710533374868041
3b,2p5,35,71,947,0.0,59.9969,66635.83,207.9,112,58.187,0.0,59.9969,66615.84,609.7,149,57.354,0.9678453099457106
3b,2p5,36,87,1069,0.0,63.9969,71469.73,1214.0,165,77.098,0.0,63.9969,71405.74,1689.8,200,73.761,0.9027528809920853
3b,2p5,37,74,903,0.0,53.9973,60632.38,1573.4,233,51.959,0.0,53.9973,60610.32,396.7,141,51.005,0.9284172408117196
3b,2p5,38,76,934,0.0,63.9969,70813.8,322.0,121,59.738,0.0,63.9969,70795.82,230.6,110,54.229,0.975125093540929
3b,2p5,39,76,865,0.0,55.997,62523.87,281.6,120,51.225,0.0,55.997,62489.89,613.7,154,51.044,0.9544629359795528
3b,2p5,40,71,831,0.0,55.9968,62325.84,1070.5,217,48.001,0.0,55.9968,62317.82,366.7,145,47.23,0.9518218748917883
3b,2p5,41,68,895,0.0,50.9973,57372.35,859.2,185,65.096,0.0,50.9973,57356.34,230.2,128,52.148,0.9521399230130987
3b,2p5,42,57,849,0.0,48.9977,54918.63,438.0,164,53.617,0.0,48.9977,54900.66,1026.4,264,51.248,0.9491707000138704
3b,2p5,43,70,837,0.0,48.9971,55412.12,318.1,136,51.997,0.0,48.9971,55376.11,286.1,139,51.347,0.921039941685513
3b,2p5,44,78,777,0.0,57.9974,64372.5,975.4,238,44.96,0.0,57.9974,64344.45,2084.3,435,45.808,0.9425703919464459
3b,2p5,45,78,867,0.0,57.9971,64460.13,1596.9,284,57.34,0.0,57.9971,64414.1,210.9,122,52.02,0.9418872902667271
3b,2p5,47,78,912,0.0,53.9975,60044.36,763.4,186,58.013,0.0,53.9975,60036.34,671.5,182,52.738,0.9432461990956403
3b,2p5,48,74,930,0.0,59.9971,66846.01,853.8,175,56.076,0.0,59.9971,66815.98,482.5,135,52.262,0.9546294190172219
3b,2p5,49,76,897,0.0,55.997,62568.03,532.1,145,50.589,0.0,55.997,62568.01,254.9,118,51.982,0.9530083394144884
3b,2p5,50,76,916,0.0,63.9969,70735.73,645.7,165,67.844,0.0,63.9969,70703.74,775.1,176,57.756,0.9627416484377503
3b,2p5,51,72,873,0.0,55.9971,62682.07,268.8,122,56.613,0.0,55.9971,62672.06,472.7,144,54.071,0.963977316558748
3b,2p5,53,64,942,0.0,53.9974,60934.4,240.1,120,56.734,0.0,53.9974,60849.93,556.4,166,56.923,0.9183799013989281
3b,2p5,54,67,802,0.0,50.9974,57192.36,298.9,139,47.359,0.0,50.9974,57182.37,642.5,193,45.671,0.9689864052712797
3b,2p5,56,67,932,0.0,53.9973,60602.2,241.0,127,56.31,0.0,53.9973,60584.22,550.4,147,56.234,0.9266741883442117
3b,2p5,57,65,820,0.0,50.9974,57036.56,203.1,133,48.864,0.0,50.9974,57018.54,600.8,187,49.954,0.9588380988332453
3b,2p5,59,67,784,0.0,47.9979,53952.95,570.0,184,45.262,0.0,47.9979,53936.95,151.6,113,46.307,0.9393513687083568
3b,2p5,60,65,743,0.0,48.9975,54748.68,429.6,196,42.599,0.0,48.9975,54704.69,218.9,146,43.015,0.9647014405889779
3b,2p5,61,62,774,0.0,45.9978,51438.89,301.5,149,45.928,0.0,45.9978,51430.87,315.2,151,43.628,0.9361749594818931
3b,2p5,62,57,838,0.0,41.9977,48188.87,200.1,133,57.294,0.0,41.9977,48154.89,332.4,150,50.438,0.9340819355380695
3b,2p5,63,84,898,0.0,57.9972,64510.18,553.5,159,56.378,0.0,57.9972,64484.17,610.9,159,55.985,0.9478536736528508
3b,2p5,64,68,840,0.0,47.9974,54292.44,279.7,142,49.954,0.0,47.9974,54284.42,647.1,176,49.878,0.9417956806690985
3b,2p5,65,77,931,0.0,63.997,70955.9,343.8,125,54.721,0.0,63.997,70927.83,587.3,146,53.624,0.9563474687594732
3b,2p5,66,76,878,0.0,55.9969,62463.95,814.9,164,58.498,0.0,55.9969,62457.94,187.5,110,53.374,0.9681824006690632
3b,2p5,68,64,884,0.0,49.9975,56270.42,2217.8,338,51.755,0.0,49.9975,56250.45,2434.9,370,50.695,0.9549796626786968
3b,2p5,69,63,919,0.0,39.9981,46757.22,1167.4,197,65.875,0.0,39.9981,46703.2,779.5,186,58.731,0.8758061275979178
3b,2p5,70,70,807,0.0,50.9975,57134.46,247.5,134,50.355,0.0,50.9975,57128.45,658.2,190,48.948,0.9652668809414089
3b,2p5,71,75,795,0.0,55.9972,62452.2,1852.9,258,50.068,0.0,55.9972,62440.15,170.1,117,46.155,0.9445642028316253
3b,2p5,73,66,806,0.0,47.9976,54104.44,288.5,139,49.175,0.0,47.9976,54084.46,1261.2,258,45.421,0.9489972340970668
3b,2p5,75,72,883,0.0,53.9974,60568.17,1696.6,261,54.865,0.0,53.9974,60560.18,582.3,172,50.65,0.9490452453119491
3b,2p5,76,70,850,0.0,55.9971,62288.04,402.8,151,52.739,0.0,55.9971,62282.02,1059.6,257,52.338,0.9644874827553188
3b,2p5,77,71,873,0.0,50.9972,57600.27,261.2,127,56.886,0.0,50.9972,57588.2,755.7,169,56.598,0.9408104062991263
3b,2p5,78,81,933,0.0,53.9974,60948.24,361.0,126,57.937,0.0,53.9974,60924.21,652.6,184,57.937,0.9299868151745888
3b,2p5,79,82,858,0.0,63.9968,70863.71,459.0,143,54.934,0.0,63.9968,70819.84,389.1,143,48.35,0.9610743565139808
3b,2p5,80,69,823,0.0,50.9975,56864.73,515.8,188,45.799,0.0,50.9975,56862.67,626.0,205,48.592,0.93494927385635
3b,2p5,81,76,928,0.0,63.9969,71011.83,417.5,130,52.451,0.0,63.9969,71003.83,727.8,161,54.335,0.9573354088821618
3b,2p5,82,66,761,0.0,50.9975,57108.64,261.8,157,43.863,0.0,50.9975,57104.63,481.0,166,41.918,0.9617352673434366
3b,2p5,84,61,931,0.0,53.9973,60364.2,302.8,131,57.21,0.0,53.9973,60359.2,867.8,176,56.31,0.943047214547226
3b,2p5,85,74,823,0.0,55.9967,62101.7,1543.2,314,49.311,0.0,55.9967,62097.68,604.8,198,47.139,0.9558331265337635
3b,2p5,86,68,836,0.0,53.9971,59994.21,274.7,141,46.465,0.0,53.9971,59984.21,696.4,189,49.886,0.947718309859155
3b,2p5,87,70,807,0.0,53.9974,60164.34,257.6,132,51.483,0.0,53.9973,60138.3,404.3,164,43.696,0.9559260906771564
3b,2p5,88,68,855,0.0,45.9974,52682.24,809.9,189,54.04,0.0,45.9974,52672.25,835.1,181,50.09,0.944415684911754
3b,2p5,91,69,813,0.0,53.9974,60146.49,452.3,150,47.835,0.0,53.9974,60136.45,240.5,128,50.295,0.9699832483914312
3b,2p5,92,80,903,0.0,57.9972,64432.16,292.9,124,56.091,0.0,57.9972,64424.13,262.6,123,52.179,0.9691093288821607
3b,2p5,93,77,797,0.0,57.9971,64326.12,209.2,128,46.201,0.0,57.9971,64316.11,289.6,134,46.118,0.9595554604021098
3b,2p5,95,73,831,0.0,56.9968,63655.96,2154.2,298,47.487,0.0,56.9968,63633.93,816.7,216,50.181,0.9337125878945658
3b,2p5,96,68,774,0.0,50.9977,56986.89,662.3,191,48.191,0.0,50.9977,56982.87,134.5,115,43.302,0.9551687898360182
3b,2p5,98,69,808,0.0,53.9973,60308.36,413.5,145,50.711,0.0,53.9972,60286.3,1117.2,247,50.552,0.9607461661707485
3b,2p5,99,74,875,0.0,58.9972,65420.13,2567.7,293,57.287,0.0,58.9971,65398.07,517.5,149,52.61,0.9447395567684408
3b,2p5,100,73,901,0.0,55.9968,62819.75,445.5,140,54.04,0.0,55.9968,62817.75,269.2,122,50.445,0.9622534299191803
3b,2p5,101,55,808,0.0,47.9977,53896.73,326.0,156,49.803,0.0,47.9977,53872.73,373.7,171,47.441,0.9298820179832334
3b,2p5,102,75,882,0.0,56.9972,63428.24,1293.1,227,53.813,0.0,56.9972,63400.22,568.8,171,49.174,0.9576254650362112
3b,2p5,103,65,861,0.0,49.9976,56358.55,663.7,183,53.034,0.0,49.9976,56336.54,232.7,129,49.802,0.9543000001761826
3b,2p5,104,64,721,0.0,45.9975,51944.75,356.0,165,44.968,0.0,45.9975,51924.74,130.8,131,40.866,0.9474388468365836
3b,2p5,106,75,912,0.0,59.9971,66773.9,614.3,146,55.644,0.0,59.9971,66763.88,366.2,132,54.252,0.9614070615646022
3b,2p5,107,77,859,0.0,56.9972,63146.19,407.2,149,48.41,0.0,56.9972,63134.19,316.3,150,49.008,0.9657347017880917
3b,2p5,108,68,764,0.0,53.9974,59808.54,324.8,159,45.293,0.0,53.9974,59797.53,502.7,170,41.986,0.9581151136809051
3b,2p5,109,72,880,0.0,47.9977,54628.72,935.4,199,55.675,0.0,47.9977,54500.64,434.2,164,53.223,0.8954355837749413
3b,2p5,110,69,857,0.0,53.9973,60124.26,537.4,161,53.556,0.0,53.9973,60118.25,513.7,174,51.619,0.9530771576592696
3b,2p5,111,74,881,0.0,55.997,62638.0,599.1,165,59.3,0.0,55.997,62629.99,403.5,150,54.321,0.9543320005108608
3b,2p5,112,79,858,0.0,57.9972,64194.22,423.4,155,49.114,0.0,57.9972,64176.18,178.8,117,47.729,0.9601188624900272
3b,2p5,113,75,797,0.0,56.9974,62972.53,659.4,225,46.965,0.0,56.9973,62950.45,946.8,285,45.717,0.94012921779819
3b,2p5,114,76,850,0.0,53.9971,60543.99,948.7,204,48.917,0.0,53.9971,60526.02,538.3,170,49.598,0.9463333740824799
3b,2p5,115,71,916,0.0,48.9977,55284.26,21638.8,757,60.768,0.0,48.9977,55258.48,6306.6,592,55.576,0.9366748446564098
3b,2p5,117,70,856,0.0,41.9979,48656.84,221.7,127,52.368,0.0,41.9979,48608.84,481.8,154,55.781,0.935914717445297
3b,2p5,118,72,852,0.0,53.9974,60374.38,253.8,128,55.032,0.0,53.9973,60364.24,443.4,155,48.546,0.9513038201782154
3b,2p5,119,68,815,0.0,47.9977,54366.72,277.6,134,46.019,0.0,47.9977,54342.75,181.5,119,46.45,0.9381480227293636
3b,2p5,120,63,909,0.0,47.9978,54264.86,364.2,145,56.257,0.0,47.9978,54254.87,433.2,147,56.824,0.9362776728508159
3b,2p5,122,63,823,0.0,47.9977,54212.7,852.2,238,48.387,0.0,47.9977,54186.69,592.7,171,47.54,0.9189831125289395
3b,2p5,123,71,866,0.0,53.9972,60866.31,575.6,157,51.399,0.0,53.9972,60812.29,247.1,115,50.665,0.909846180435534
3b,2p5,125,71,823,0.0,47.9976,54522.73,21706.8,580,53.579,0.0,46.9978,53674.62,335.9,149,47.828,0.9398095187421852
3b,2p5,126,61,815,0.0,47.9977,54164.72,1405.2,302,49.137,0.0,47.9977,54130.8,1938.2,339,62.66,0.9354542697695667
3b,2p5,127,68,789,0.0,56.9975,63240.53,998.8,267,46.095,0.0,56.9975,63234.53,1829.1,359,48.479,0.9593274529650874
3b,2p5,128,71,838,0.0,50.9971,57276.17,362.1,152,51.271,0.0,50.9971,57268.54,1156.3,247,58.93,0.9404638703468425
3b,2p5,129,67,834,0.0,51.9971,58701.95,2650.5,333,50.522,0.0,51.9971,58653.95,362.9,138,47.691,0.9305778178650279
3b,2p5,130,69,961,0.0,63.9969,71121.76,227.2,102,61.759,0.0,63.9969,71106.78,399.9,125,54.002,0.9529350796193348
3b,2p5,131,73,801,0.0,48.9974,55372.36,1464.9,289,49.417,0.0,48.9974,55352.32,481.2,184,47.843,0.9304702016566423
3b,2p5,132,70,821,0.0,45.9971,52084.18,1401.8,264,53.42,0.0,45.9971,52060.15,1103.2,248,47.918,0.9187087919586078
3b,2p5,133,74,946,0.0,57.9973,64888.21,736.0,165,57.665,0.0,57.9973,64860.18,564.5,147,54.978,0.9620912585527621
3b,2p5,134,75,840,0.0,53.9971,60592.08,514.2,154,48.887,0.0,53.9971,60584.06,363.5,148,47.585,0.9621460544780028
3b,2p5,135,74,855,0.0,49.9975,55908.68,800.8,219,49.348,0.0,49.9975,55904.66,1498.8,280,50.203,0.9605424595335569
3b,2p5,136,66,785,0.0,48.9979,54936.98,188.8,127,44.732,0.0,48.9979,54927.97,461.5,169,45.565,0.9642501681808247
3b,2p5,138,84,874,0.0,63.9969,70993.92,338.7,123,54.608,0.0,63.9968,70965.81,800.9,166,51.838,0.9523981247746124
3b,2p5,139,76,893,0.0,56.9973,63472.22,392.9,155,55.1,0.0,56.9973,63466.22,420.2,156,51.619,0.9670447600073026
3b,2p5,141,58,840,0.0,47.9974,54512.3,1638.9,276,50.256,0.0,47.9974,54482.27,1451.9,293,50.218,0.9203054194690988
3b,2p5,142,73,834,0.0,56.9971,62818.18,408.8,187,49.31,0.0,56.9971,62797.2,630.2,194,46.511,0.959914363386815
3b,2p5,143,77,962,0.0,57.9971,64477.96,297.4,118,68.63,0.0,57.9971,64469.94,1318.0,209,67.896,0.9629325314236539
3b,2p5,144,68,859,0.0,45.9973,52356.1,574.2,169,52.004,0.0,45.9973,52350.09,351.5,139,50.075,0.9415450976331308
3b,2p5,145,66,852,0.0,53.9973,60366.17,366.5,136,52.686,0.0,53.9973,60356.17,842.9,207,52.792,0.9544944109251733
3b,2p5,146,67,781,0.0,47.9979,54112.97,633.2,214,46.473,0.0,47.9979,54091.95,493.5,165,48.675,0.9203584074673209
3b,2p5,147,67,837,0.0,53.9971,60104.09,973.1,202,53.011,0.0,53.9971,60104.07,287.6,138,49.356,0.9614019381922608
3b,2p5,148,78,847,0.0,55.9973,62220.35,548.7,177,48.66,0.0,55.9973,62220.32,349.1,148,50.991,0.9590251198346463
3b,2p5,149,68,783,0.0,47.9979,54130.92,905.6,240,50.885,0.0,47.9978,54112.88,454.0,181,45.414,0.9545955212686167
3b,2p5,150,72,838,0.0,50.9973,57346.33,1702.6,306,59.058,0.0,50.9973,57332.32,1201.8,252,52.996,0.958962239318939
3b,2p5,151,65,836,0.0,50.9973,57082.3,695.1,189,53.11,0.0,50.9973,57069.5,352.0,148,45.36,0.9673722982123758
3b,2p5,152,70,755,0.0,53.9976,60088.72,154.2,117,43.424,0.0,53.9976,60064.73,378.4,172,48.865,0.9472810595942395
3b,2p5,154,74,920,0.0,55.9969,62481.86,359.2,126,62.44,0.0,55.9969,62479.84,389.7,129,63.144,0.9555808915053647
3b,2p5,155,79,887,0.0,56.9972,63434.28,756.9,203,50.067,0.0,56.9972,63400.27,539.9,186,50.536,0.9389425790455886
3b,2p5,156,67,735,0.0,48.9975,54968.54,158.7,137,46.269,0.0,48.9975,54952.45,222.4,135,46.345,0.9514978770992077
3b,2p5,157,58,811,0.0,51.9973,58136.35,339.9,148,46.458,0.0,51.9973,58132.35,258.9,129,45.481,0.9579088504185194
3b,2p5,158,60,850,0.0,41.9978,48274.9,223.4,135,55.508,0.0,41.9978,48251.86,351.2,144,49.673,0.9065600802465127
3b,2p5,160,71,828,0.0,53.997,60346.08,342.3,157,51.263,0.0,53.997,60334.05,316.1,135,47.888,0.9414896824080913
3b,2p5,162,74,807,0.0,55.9972,62216.39,468.9,178,44.71,0.0,55.9972,62207.37,609.4,198,44.823,0.9465237344759688
3b,2p5,163,70,784,0.0,53.9977,60180.84,120.8,114,47.941,0.0,53.9977,60168.82,121.7,111,44.294,0.9506292943436777
3b,2p5,164,69,786,0.0,53.9975,60026.55,259.9,139,45.141,0.0,53.9975,60026.52,234.7,133,42.47,0.9662054349017649
3b,2p5,165,69,757,0.0,47.9978,53784.95,351.1,163,47.631,0.0,47.9978,53772.97,568.2,191,46.678,0.9369451810335778
3b,2p5,166,74,811,0.0,56.9972,63180.22,245.5,142,46.768,0.0,56.9972,63176.21,295.5,138,45.406,0.961103219652072
3b,2p5,167,70,888,0.0,47.9973,54366.3,637.2,172,51.452,0.0,47.9973,54350.29,244.1,125,52.004,0.9265262595767475
3b,2p5,168,61,821,0.0,47.9976,54330.61,1387.7,281,48.372,0.0,47.9976,54316.6,975.9,240,48.895,0.94874562107195
3b,2p5,169,69,841,0.0,55.9969,62297.84,1001.5,217,47.26,0.0,55.9969,62287.84,187.9,124,48.062,0.9528919034443211
3b,2p5,170,72,794,0.0,53.9973,60168.27,380.4,159,50.545,0.0,53.9973,60162.27,244.6,136,46.965,0.9652437346182535
3b,2p5,171,64,866,0.0,55.9972,62590.17,210.7,123,50.877,0.0,55.9972,62584.17,207.1,131,48.372,0.9543568101731806
3b,2p5,173,74,852,0.0,50.9972,57482.23,636.6,173,46.745,0.0,50.9972,57482.18,1243.4,239,52.8,0.9567366185395906
3b,2p5,174,75,856,0.0,53.9972,60832.16,459.5,155,56.19,0.0,53.9972,60820.14,711.8,198,58.786,0.9588080540070258
3b,3,0,59,749,0.0,39.9979,45497.17,176.2,141,44.483,0.0,39.9979,45475.11,274.8,159,43.809,0.9536252910411962
3b,3,1,70,631,0.0,43.998,49299.37,112.1,135,36.833,0.0,43.998,49283.35,77.6,115,38.014,0.9604257381031647
3b,3,2,64,755,0.0,35.9983,41849.54,577.6,208,44.944,0.0,35.9983,41819.54,460.5,207,46.866,0.9293923142990695
3b,3,3,67,673,0.0,43.9976,49560.93,194.9,150,43.765,0.0,43.9975,49522.78,126.1,138,37.136,0.9347515841701669
3b,3,4,67,727,0.0,41.9977,47844.88,290.9,167,40.904,0.0,41.9977,47820.86,310.0,154,40.813,0.9472531368611233
3b,3,6,60,745,0.0,37.9981,43835.41,156.3,144,45.89,0.0,37.9981,43815.42,248.2,153,43.673,0.9378035966617955
3b,3,7,58,721,0.0,39.9982,46115.31,301.0,175,45.626,0.0,39.9982,46097.32,328.9,156,42.894,0.9223532614558025
3b,3,8,66,704,0.0,41.9981,47523.2,287.2,175,42.402,0.0,41.9981,47519.19,557.5,220,41.199,0.950092244477622
3b,3,9,66,683,0.0,45.9978,51833.05,91.0,108,40.367,0.0,45.9978,51827.05,168.2,138,41.321,0.9427635505586786
3b,3,10,58,737,0.0,37.9982,43647.42,178.2,154,45.565,0.0,37.9982,43623.39,194.1,155,44.414,0.9385991304010249
3b,3,11,65,668,0.0,45.9975,51496.76,404.0,222,41.971,0.0,45.9975,51492.75,159.4,135,39.898,0.9667843277718723
3b,3,13,58,660,0.0,41.998,47365.24,213.0,178,38.142,0.0,41.998,47355.28,142.9,137,47.92,0.938703578418344
3b,3,14,67,708,0.0,47.9977,53360.83,100.4,115,41.426,0.0,47.9977,53358.8,353.7,197,42.055,0.9679965813293967
3b,3,15,66,617,0.0,39.9982,45139.62,244.3,178,34.623,0.0,39.9982,45051.59,127.7,139,35.471,0.9417200483303746
3b,3,16,64,748,0.0,41.9978,47662.84,300.3,176,43.484,0.0,41.9978,47658.83,528.7,205,45.83,0.9526513992515357
3b,3,17,61,791,0.0,41.9979,47605.17,187.5,140,46.049,0.0,41.9979,47579.2,433.5,171,47.403,0.9285711287675603
3b,3,19,54,666,0.0,35.9983,41503.5,465.2,238,41.933,0.0,35.9983,41502.82,117.5,134,41.615,0.9345107116948168
3b,3,21,62,661,0.0,41.9979,47495.07,181.7,148,38.233,0.0,41.9978,47461.99,126.3,137,36.651,0.9367228764233239
3b,3,22,61,735,0.0,37.9981,43865.29,354.9,182,43.84,0.0,37.9981,43847.27,181.6,143,45.626,0.9014592436944241
3b,3,23,62,753,0.0,37.9982,43689.24,853.9,300,44.664,0.0,37.9982,43673.25,801.6,282,43.537,0.939149585910399
3b,3,24,55,648,0.0,39.9979,45425.2,231.6,169,36.492,0.0,39.9979,45421.17,328.9,214,38.664,0.9383920550953189
3b,3,25,63,750,0.0,35.9984,42095.61,487.8,194,44.392,0.0,35.9984,42037.58,505.6,205,51.437,0.897700366139595
3b,3,26,60,684,0.0,35.9981,41737.37,286.7,169,41.191,0.0,34.9984,40871.69,196.4,172,41.206,0.876750275110993
3b,3,28,66,634,0.0,45.998,51809.18,168.7,148,36.591,0.0,45.998,51795.2,134.2,135,35.396,0.9684379028032697
3b,3,29,57,753,0.0,39.9981,45209.46,772.5,290,48.35,0.0,39.9981,45201.44,586.5,261,48.032,0.8936465861980408
3b,3,30,56,658,0.0,39.9981,45169.37,236.5,177,36.764,0.0,39.9981,45155.35,99.8,128,38.755,0.9561291065513908
3b,3,31,63,699,0.0,39.9983,46127.45,365.7,212,42.508,0.0,39.9983,46077.39,113.3,114,39.224,0.9270217487321665
3b,3,32,68,726,0.0,35.9981,41901.24,135.9,129,45.005,0.0,35.9981,41891.22,528.8,219,46.942,0.898206891905872
3b,3,34,56,637,0.0,39.998,44905.4,140.1,156,37.983,0.0,39.998,44899.35,192.8,181,37.862,0.9619153979396481
3b,3,35,62,800,0.0,39.9982,45947.36,3683.9,579,63.008,0.0,39.9981,45922.27,706.5,241,49.386,0.8809472271526906
3b,3,36,72,860,0.0,43.9976,50692.63,1080.3,200,63.076,0.0,43.9976,50672.6,273.2,129,56.901,0.9351686230349057
3b,3,37,65,733,0.0,44.9975,50668.66,187.2,144,43.757,0.0,44.9974,50666.55,150.9,132,41.857,0.9468716295554063
3b,3,38,68,775,0.0,43.9979,49577.09,619.6,213,45.186,0.0,43.9979,49575.08,309.2,151,44.286,0.9538613891423011
3b,3,40,65,678,0.0,43.9977,49498.96,88.6,104,39.663,0.0,43.9977,49494.9,106.7,111,38.959,0.9569976151625454
3b,3,41,64,770,0.0,39.9982,46071.33,544.4,194,43.491,0.0,39.9981,46026.29,275.7,152,45.822,0.9342009142407209
3b,3,42,60,728,0.0,37.9981,44001.15,1771.5,403,47.752,0.0,37.998,43967.1,194.1,147,44.286,0.9441977679107164
3b,3,43,61,684,0.0,39.9981,45543.36,142.0,140,42.039,0.0,39.9981,45517.31,158.7,137,40.715,0.928015752517333
3b,3,45,65,727,0.0,41.9976,47510.85,500.0,205,45.209,0.0,41.9976,47496.84,312.3,165,43.575,0.9462975552582781
3b,3,46,60,745,0.0,41.9981,47323.27,147.6,135,43.045,0.0,41.9981,47313.29,139.5,125,44.301,0.9526041641169243
3b,3,47,65,769,0.0,39.9982,45445.44,169.3,147,47.192,0.0,39.9982,45445.43,170.2,135,43.65,0.9523917046650298
3b,3,48,58,788,0.0,39.9983,45395.5,446.8,217,49.061,0.0,39.9983,45385.5,373.8,187,52.005,0.9230800676446161
3b,3,49,66,776,0.0,41.9982,48031.31,624.3,227,46.571,0.0,41.9982,48017.27,415.8,185,48.834,0.8964004911358594
3b,3,51,72,705,0.0,43.9977,49625.02,140.3,128,41.585,0.0,43.9977,49613.98,124.5,121,39.799,0.9546495503823851
3b,3,52,59,638,0.0,38.9982,44439.49,106.3,126,36.742,0.0,38.9981,44425.44,128.9,145,43.144,0.93847821972431
3b,3,53,55,803,0.0,39.9982,45619.56,392.8,185,47.01,0.0,39.9982,45594.53,200.4,160,45.141,0.9109503527583789
3b,3,54,62,654,0.0,41.9975,47284.74,108.6,129,36.303,0.0,41.9975,47262.76,162.5,145,35.94,0.953401458638703
3b,3,55,67,753,0.0,37.9982,44185.3,1336.6,360,48.342,0.0,37.9982,44169.29,1296.7,326,47.487,0.9145118842766833
3b,3,56,61,795,0.0,39.9983,45653.46,379.6,182,47.237,0.0,39.9983,45591.5,501.2,188,46.76,0.9096949555697073
3b,3,58,63,750,0.0,37.9982,43681.5,138.1,138,44.324,0.0,37.9982,43669.5,591.6,201,47.404,0.8696648957346622
3b,3,59,62,642,0.0,35.9983,41329.56,197.5,161,37.362,0.0,35.9983,41307.57,234.6,182,36.447,0.9494144709988325
3b,3,60,57,615,0.0,39.9984,44939.71,75.9,118,35.698,0.0,39.9984,44909.71,151.0,163,35.63,0.95283579806044
3b,3,61,57,635,0.0,34.9985,40391.77,308.8,209,37.847,0.0,34.9985,40377.76,228.0,183,38.18,0.9482777100443468
3b,3,62,59,717,0.0,35.9985,41469.76,158.4,147,42.213,0.0,35.9985,41453.72,301.6,168,40.147,0.9294846347381899
3b,3,63,68,764,0.0,41.9983,47679.51,229.0,147,45.565,0.0,41.9983,47669.44,167.3,128,45.769,0.9331705121291398
3b,3,64,60,680,0.0,39.9979,45265.04,650.2,347,44.317,0.0,39.9979,45251.02,936.9,357,39.118,0.9407009386912821
3b,3,66,63,757,0.0,41.9983,47743.43,966.4,295,46.587,0.0,41.9983,47727.39,206.0,141,43.711,0.9331054563868845
3b,3,67,62,743,0.0,37.9981,43601.38,251.9,162,43.408,0.0,37.9981,43585.35,203.9,153,42.757,0.9207122373606521
3b,3,68,60,721,0.0,43.9976,49376.72,121.7,127,40.563,0.0,43.9976,49374.71,106.5,121,40.82,0.9647887149233032
3b,3,69,61,779,0.0,35.9984,42129.71,478.3,189,56.22,0.0,35.9984,42099.7,694.4,237,48.69,0.8921678119539083
3b,3,70,67,661,0.0,41.9979,47359.15,374.0,200,38.838,0.0,41.9978,47345.07,187.0,148,38.71,0.9555778252218494
3b,3,71,68,649,0.0,43.9974,49692.73,245.8,171,38.611,0.0,43.9974,49680.73,252.5,190,39.731,0.942901243872586
3b,3,72,69,722,0.0,43.9977,49690.85,240.8,152,46.867,0.0,43.9977,49680.83,139.6,130,40.745,0.9491348316596709
3b,3,73,59,653,0.0,36.9981,42345.4,105.7,143,41.631,0.0,36.9981,42339.37,125.0,135,37.884,0.9466807854128634
3b,3,74,53,636,0.0,42.998,48577.35,224.1,171,38.059,0.0,42.998,48573.33,83.7,119,36.735,0.9453208903308125
3b,3,75,61,709,0.0,45.998,51501.13,178.2,133,44.15,0.0,45.998,51489.14,589.7,242,40.056,0.9632878962402054
3b,3,77,63,737,0.0,39.998,46187.12,182.6,138,45.792,0.0,39.998,46165.12,149.8,121,45.156,0.9337753020173444
3b,3,78,64,785,0.0,39.9984,45981.6,481.0,203,45.512,0.0,39.9984,45975.59,280.7,151,44.997,0.9269345570037071
3b,3,79,65,718,0.0,43.9978,49647.06,186.1,140,44.423,0.0,43.9978,49619.03,112.0,111,39.912,0.9139182206808762
3b,3,80,56,673,0.0,41.9978,46985.11,111.0,134,40.48,0.0,41.9978,46985.1,207.9,164,39.398,0.9357155683246543
3b,3,82,62,631,0.0,41.9979,47191.21,65.8,103,35.554,0.0,41.9979,47191.2,72.9,108,34.828,0.9350730695710591
3b,3,83,61,687,0.0,39.9984,45667.65,224.7,159,42.16,0.0,39.9984,45640.67,208.2,149,40.647,0.9272466557758073
3b,3,84,65,792,0.0,39.998,45945.22,789.6,249,47.752,0.0,39.9979,45897.14,504.9,202,49.295,0.8941370087598781
3b,3,85,74,673,0.0,43.9977,49845.03,131.8,132,40.685,0.0,43.9977,49808.97,154.1,138,40.745,0.9286273075191355
3b,3,86,66,684,0.0,47.9978,53674.95,292.0,179,40.337,0.0,47.9978,53672.95,176.7,153,44.938,0.9594416319876442
3b,3,87,67,662,0.0,45.998,51497.21,132.4,126,37.786,0.0,45.998,51487.21,268.6,173,38.294,0.9703956533853441
3b,3,88,56,740,0.0,35.9984,41589.78,161.0,157,45.663,0.0,35.9984,41565.76,438.1,212,45.171,0.9050288654125594
3b,3,89,70,649,0.0,45.9974,51478.52,148.3,130,37.885,0.0,45.9974,51472.52,118.3,110,36.758,0.9622393128978265
3b,3,90,70,687,0.0,43.9979,49195.1,249.8,167,41.441,0.0,43.9979,49193.04,136.2,127,39.118,0.9648676733953879
3b,3,91,66,660,0.0,45.9979,51671.19,108.6,111,38.702,0.0,45.9979,51661.21,75.4,98,35.796,0.9616346150946469
3b,3,93,64,647,0.0,45.9971,51412.34,117.0,132,37.105,0.0,44.9972,50430.47,256.1,180,38.785,0.9237189869690053
3b,3,94,58,884,0.0,41.9978,47994.9,989.8,224,57.173,0.0,41.9978,47956.86,1206.8,266,56.931,0.933251081244164
3b,3,95,61,687,0.0,46.9979,52947.2,107.9,121,39.285,0.0,46.9979,52933.68,227.8,152,40.912,0.942762335891203
3b,3,96,62,635,0.0,41.998,46891.38,78.6,123,41.404,0.0,41.998,46891.37,120.2,127,33.632,0.9551802409562057
3b,3,97,61,737,0.0,41.998,48021.26,188.5,139,45.164,0.0,41.998,48005.25,432.6,188,41.115,0.9089631680827198
3b,3,99,67,741,0.0,41.9978,47715.06,757.4,253,44.695,0.0,41.9978,47705.0,460.7,180,48.017,0.9265998009630363
3b,3,100,67,759,0.0,41.9981,47497.39,177.2,136,43.968,0.0,41.9981,47495.38,884.2,272,43.317,0.9475930410886657
3b,3,101,57,662,0.0,37.998,43639.3,288.4,179,38.785,0.0,37.998,43631.3,229.2,168,38.346,0.9303954035219687
3b,3,102,72,707,0.0,45.9978,51510.93,193.7,140,42.501,0.0,45.9978,51504.91,126.1,125,41.987,0.9623206853098787
3b,3,103,58,705,0.0,41.9981,47173.27,447.6,221,43.462,0.0,41.9981,47151.26,509.3,238,45.429,0.9391737793746461
3b,3,104,63,595,0.0,35.9983,41359.71,89.6,129,34.321,0.0,35.9983,41339.69,79.1,126,34.51,0.8780722255038285
3b,3,106,71,772,0.0,41.998,47573.1,260.1,166,47.056,0.0,41.998,47553.13,2209.1,473,50.779,0.9134043978435101
3b,3,107,64,700,0.0,47.9979,53815.09,290.0,168,40.268,0.0,47.9979,53815.09,340.5,195,39.406,0.9742925452589551
3b,3,108,72,626,0.0,45.998,51439.33,105.2,128,36.727,0.0,45.998,51405.28,82.7,118,36.009,0.9606532171644225
3b,3,109,59,742,0.0,37.9982,43955.35,234.5,148,46.413,0.0,37.9982,43925.34,691.7,197,46.17,0.92740026722657
3b,3,110,68,691,0.0,43.9981,49341.25,278.5,175,41.426,0.0,42.9981,48349.28,199.1,151,39.133,0.9508081615434998
3b,3,111,64,751,0.0,41.9979,48063.06,457.0,191,48.683,0.0,41.9979,48063.03,296.5,157,43.393,0.9392657616182875
3b,3,112,69,702,0.0,47.9978,53834.97,190.9,138,41.222,0.0,47.9978,53826.93,224.4,149,39.504,0.9658886345523663
3b,3,113,68,650,0.0,45.9977,51506.94,85.8,111,36.538,0.0,45.9977,51502.94,75.5,107,39.512,0.955631891745868
3b,3,114,72,679,0.0,43.9978,49376.94,96.3,112,41.623,0.0,43.9978,49278.94,154.6,119,41.51,0.93689741437253
3b,3,115,62,785,0.0,37.9984,43699.62,999.9,274,48.395,0.0,37.9984,43695.63,275.5,160,50.59,0.9503932835594008
3b,3,117,67,747,0.0,35.9984,41467.61,380.4,204,55.797,0.0,35.9984,41459.62,785.9,304,46.359,0.911986850676261
3b,3,118,61,683,0.0,42.9982,48737.45,150.8,123,44.037,0.0,42.9982,48721.41,486.6,188,40.98,0.9225866569336607
3b,3,119,59,662,0.0,39.9978,44891.04,193.7,172,40.208,0.0,39.9978,44877.0,273.1,211,36.923,0.9520237187432835
3b,3,120,55,779,0.0,37.9985,43447.61,208.0,146,48.811,0.0,37.9985,43437.61,182.6,143,45.012,0.9304030508972647
3b,3,121,65,669,0.0,35.9984,41793.62,99.7,128,38.134,0.0,35.9984,41747.57,120.1,134,38.157,0.9149846773180487
3b,3,122,52,675,0.0,37.9978,43543.01,250.9,183,37.551,0.0,37.9978,43525.0,588.2,281,37.975,0.9307493145169585
3b,3,123,63,729,0.0,39.9982,45449.5,306.2,158,41.819,0.0,39.9982,45433.47,131.3,120,40.707,0.9281711554111014
3b,3,125,66,671,0.0,35.9982,41357.43,239.5,173,38.346,0.0,35.9982,41271.4,325.5,189,40.367,0.9254361979541438
3b,3,126,55,665,0.0,39.9979,45505.19,104.8,134,43.129,0.0,39.9979,45465.16,339.3,205,37.514,0.9143902431692265
3b,3,127,68,646,0.0,47.9974,53460.5,95.0,114,36.735,0.0,47.9974,53433.5,243.2,163,36.349,0.9596598074497862
3b,3,128,64,686,0.0,41.9981,47503.25,143.8,127,45.059,0.0,41.9981,47491.23,131.2,125,38.899,0.9431018259671898
3b,3,129,59,676,0.0,42.9977,48514.95,379.7,199,40.579,0.0,42.9977,48500.94,223.5,172,37.287,0.9570924059744467
3b,3,131,60,659,0.0,39.9982,45501.5,130.3,130,42.539,0.0,39.9982,45473.51,105.0,127,39.095,0.9053231162352453
3b,3,132,61,708,0.0,37.9982,44033.39,196.7,150,43.242,0.0,37.9982,44005.36,218.6,156,42.962,0.9150308688765402
3b,3,133,68,812,0.0,41.998,47887.31,489.6,178,50.975,0.0,41.998,47869.29,187.9,133,47.555,0.9282387294352255
3b,3,134,62,681,0.0,45.9978,51160.96,91.3,113,42.705,0.0,45.9978,51148.95,110.4,124,35.047,0.9606286102904035
3b,3,135,64,703,0.0,43.9981,49245.37,172.5,161,40.518,0.0,43.9981,49234.37,106.6,116,41.441,0.9472577101906753
3b,3,136,56,647,0.0,39.9978,45279.22,132.6,133,38.134,0.0,39.9978,45273.19,125.2,129,36.946,0.9340248949456198
3b,3,138,69,737,0.0,43.9977,49726.87,732.5,243,46.405,0.0,43.9976,49676.78,182.9,127,42.084,0.9080246412841716
3b,3,139,66,722,0.0,47.9974,53450.57,128.6,122,39.784,0.0,47.9974,53450.57,120.0,114,40.095,0.9765088088883188
3b,3,141,52,678,0.0,36.9982,42683.44,638.5,295,40.359,0.0,36.9982,42683.42,152.1,160,40.964,0.9127630734936857
3b,3,142,67,686,0.0,46.9979,52719.15,93.1,107,39.913,0.0,46.9979,52713.14,111.3,121,39.353,0.9398282452166951
3b,3,143,66,798,0.0,41.998,48397.05,207.8,126,49.22,0.0,41.998,48382.05,172.3,118,49.856,0.9306770627388955
3b,3,144,62,726,0.0,37.9981,43807.23,251.8,173,46.36,0.0,37.9981,43797.23,207.0,150,42.296,0.9446684779060599
3b,3,145,63,685,0.0,43.9979,49219.12,751.9,311,40.291,0.0,43.9979,49207.1,675.0,292,39.255,0.9568882594612785
3b,3,146,64,639,0.0,35.9985,41175.82,401.0,213,36.432,0.0,35.9985,41169.8,114.1,132,38.619,0.9282808311319434
3b,3,148,67,689,0.0,43.9981,49817.35,311.4,191,42.153,0.0,43.9981,49813.33,221.7,176,41.184,0.9308058195842924
3b,3,149,63,657,0.0,37.9983,43629.6,180.7,157,37.196,0.0,37.9983,43621.59,111.8,131,40.972,0.9351604012248431
3b,3,150,70,724,0.0,39.9977,45592.96,235.5,146,42.621,0.0,39.9977,45584.95,175.4,138,43.469,0.9562168403659131
3b,3,151,55,690,0.0,41.9982,47153.45,361.4,198,40.064,0.0,41.9982,47137.42,154.0,141,40.253,0.9549981577370824
3b,3,152,62,620,0.0,43.9979,49479.19,133.2,142,36.137,0.0,43.9979,49445.2,89.5,120,37.507,0.9504150012270186
3b,3,154,71,775,0.0,41.9981,48043.24,453.8,181,45.459,0.0,41.9981,48013.24,211.7,131,43.855,0.9410563343985157
3b,3,155,63,719,0.0,44.9975,50464.74,268.3,171,41.713,0.0,44.9975,50426.71,136.7,127,42.652,0.9443169162935521
3b,3,156,57,612,0.0,39.9982,45333.43,245.4,181,35.698,0.0,39.9982,45333.43,136.8,152,35.433,0.9647236025281888
3b,3,157,58,674,0.0,39.998,45841.32,282.2,170,40.692,0.0,39.998,45793.3,157.6,124,39.602,0.940251262684769
3b,3,158,54,731,0.0,35.9984,41739.59,158.7,157,46.178,0.0,35.9984,41721.59,264.6,163,42.364,0.9271320692768612
3b,3,160,64,670,0.0,44.9978,50505.12,126.2,133,42.403,0.0,44.9978,50467.1,91.9,109,38.081,0.961577410564293
3b,3,162,70,656,0.0,43.9975,49128.8,187.6,156,42.365,0.0,43.9975,49124.73,102.1,112,37.159,0.9667415743912238
3b,3,163,62,652,0.0,46.9974,52642.81,182.2,164,37.839,0.0,46.9974,52634.77,329.3,200,38.271,0.9417073975231641
3b,3,164,66,644,0.0,45.9976,51064.91,133.0,141,39.194,0.0,44.998,50079.28,357.7,248,38.097,0.9622479676196498
3b,3,165,62,628,0.0,35.9984,41865.64,226.1,169,36.689,0.0,35.9983,41751.58,88.7,126,38.112,0.9394904033082365
3b,3,166,68,667,0.0,45.9976,51706.76,105.5,123,37.098,0.0,45.9976,51704.76,149.9,139,36.712,0.9707625812231316
3b,3,167,61,757,0.0,37.9982,43529.42,161.9,135,43.862,0.0,37.9981,43522.31,200.5,146,46.458,0.913234616311471
3b,3,168,61,666,0.0,36.9984,42663.75,252.3,168,39.239,0.0,36.9984,42657.71,237.8,151,40.435,0.8700694246599991
3b,3,169,62,681,0.0,43.9977,49340.93,118.9,124,36.719,0.0,43.9976,49332.85,143.5,139,39.247,0.9634376577345347
3b,3,170,62,647,0.0,45.9975,51566.69,75.9,105,41.351,0.0,45.9975,51552.71,71.2,105,37.65,0.9668095071696123
3b,3,171,62,737,0.0,41.998,47879.12,142.0,136,48.91,0.0,41.998,47857.11,158.9,133,45.293,0.9265796903439084
3b,3,173,62,703,0.0,43.9982,49247.45,513.7,220,41.524,0.0,43.9982,49235.46,381.0,215,38.467,0.9587623237239485
3b,3,174,62,728,0.0,39.9978,45860.98,168.0,135,41.312,0.0,39.9978,45856.98,378.9,152,42.901,0.9519304655444885
3b,4,0,51,542,0.0,31.9985,37227.86,275.6,252,32.671,0.0,31.9985,37205.86,93.0,154,35.055,0.9447551861813511
3b,4,1,57,483,0.0,31.9982,36589.68,43.0,113,30.856,0.0,31.9982,36575.71,53.4,131,26.906,0.9525511363636363
3b,4,2,60,544,0.0,27.9988,33168.15,64.5,125,31.483,0.0,27.9988,33150.17,69.7,123,32.989,0.9544722500380706
3b,4,3,64,520,0.0,32.9986,38010.01,121.0,154,30.908,0.0,32.9986,37991.99,112.1,162,33.572,0.9206157991523174
3b,4,5,55,527,0.0,30.9986,36240.12,78.1,156,31.12,0.0,30.9986,36228.11,76.5,152,31.339,0.9407426356663979
3b,4,6,49,536,0.0,29.9985,35073.97,68.3,134,35.872,0.0,29.9985,35073.9,103.4,151,31.006,0.9405710270701393
3b,4,7,51,525,0.0,29.9988,34936.24,69.7,135,31.279,0.0,29.9988,34934.21,72.2,138,32.565,0.931018357295657
3b,4,8,58,515,0.0,32.9986,38090.0,67.0,137,29.122,0.0,32.9986,38089.99,70.2,131,34.284,0.9363988837576865
3b,4,9,66,521,0.0,31.9987,36594.13,63.9,130,32.626,0.0,31.9987,36580.13,61.5,118,30.031,0.9549817030192432
3b,4,10,54,535,0.0,29.9984,35147.86,72.0,138,32.452,0.0,29.9984,35131.86,66.1,126,32.406,0.9368797216982473
3b,4,12,58,531,0.0,31.9985,37201.92,91.7,151,30.008,0.0,31.9985,37197.89,66.9,126,30.447,0.954616784593385
3b,4,13,51,505,0.0,31.9984,37021.82,62.0,130,31.733,0.0,31.9984,37009.81,72.4,146,29.69,0.9513516936407339
3b,4,14,67,540,0.0,33.9983,39337.7,49.9,104,33.163,0.0,33.9983,39311.71,56.4,109,33.058,0.9547582876312589
3b,4,15,64,465,0.0,29.9984,34851.88,87.5,152,26.913,0.0,29.9983,34817.75,54.0,132,28.139,0.9130259094856702
3b,4,16,52,540,0.0,33.9985,38809.87,165.0,181,36.009,0.0,33.9985,38731.85,81.7,137,31.46,0.9147352299624077
3b,4,17,55,567,0.0,33.9981,38379.54,160.1,193,39.035,0.0,33.9981,38358.59,147.2,169,33.322,0.9527955652440478
3b,4,18,60,482,0.0,29.9983,34619.8,43.4,118,31.491,0.0,29.9983,34607.79,55.6,129,28.82,0.9439043815699543
3b,4,19,52,513,0.0,29.9986,35177.87,61.4,121,31.884,0.0,29.9986,35149.87,52.4,113,31.166,0.9377905415177372
3b,4,20,55,502,0.0,30.9985,36006.07,67.9,152,29.516,0.0,30.9985,36006.05,70.2,151,30.855,0.9233941776352886
3b,4,21,55,505,0.0,30.9984,35989.88,52.5,132,30.56,0.0,30.9984,35979.91,60.2,134,27.814,0.9591682989302396
3b,4,22,52,531,0.0,29.9987,34942.17,70.9,135,30.386,0.0,29.9987,34912.17,88.1,141,30.772,0.9067069294342022
3b,4,24,49,495,0.0,30.9985,36057.95,63.7,136,31.31,0.0,30.9984,36027.89,67.6,128,29.001,0.8991928753345071
3b,4,25,56,543,0.0,27.9986,32910.1,89.2,153,34.586,0.0,27.9986,32896.09,75.0,140,35.524,0.9351951566049176
3b,4,26,55,529,0.0,28.9986,34110.02,136.9,202,31.423,0.0,28.9986,34106.01,60.1,123,32.323,0.9458308206262145
3b,4,27,54,484,0.0,30.9982,35789.71,86.3,169,27.541,0.0,30.9982,35767.7,48.5,126,27.556,0.9588368688463416
3b,4,28,63,480,0.0,31.9983,36961.79,53.2,131,26.882,0.0,31.9983,36947.79,87.5,174,29.092,0.9319913574145797
3b,4,31,56,513,0.0,30.9986,36218.05,93.7,146,29.864,0.0,30.9986,36166.05,60.0,125,31.673,0.9196869398015082
3b,4,32,54,530,0.0,27.9986,32984.11,180.7,208,32.997,0.0,27.9986,32980.06,76.2,134,31.445,0.8957656279870005
3b,4,33,55,557,0.0,29.9986,35325.9,187.0,199,36.902,0.0,29.9986,35305.9,122.4,150,35.759,0.9404814173919781
3b,4,34,49,484,0.0,29.9983,34463.88,88.6,191,31.045,0.0,29.9981,34449.66,101.0,194,28.396,0.9514813149334532
3b,4,35,54,574,0.0,33.9985,38819.89,191.1,194,35.63,0.0,33.9985,38807.86,143.5,163,33.693,0.9028307958855699
3b,4,36,57,640,0.0,33.9983,39193.68,127.2,143,38.445,0.0,33.9983,39175.59,172.9,160,40.76,0.935537511195406
3b,4,37,54,569,0.0,30.9985,35801.91,85.5,148,35.486,0.0,30.9985,35779.91,123.7,180,34.745,0.941984790301935
3b,4,38,57,566,0.0,35.9982,41009.54,73.5,129,34.344,0.0,35.9982,41005.51,135.3,146,30.628,0.9590033537749907
3b,4,39,66,534,0.0,32.9984,38099.76,70.0,125,32.149,0.0,32.9984,38041.77,63.6,113,33.882,0.9532635270866485
3b,4,40,58,525,0.0,32.9986,38030.07,63.4,125,37.371,0.0,32.9986,38024.07,69.0,129,31.544,0.9387221275403874
3b,4,41,55,554,0.0,30.9984,36009.86,69.3,136,33.178,0.0,30.9984,36009.85,95.8,140,32.134,0.937270379966617
3b,4,42,51,533,0.0,29.9986,34989.99,71.9,138,32.414,0.0,29.9986,34983.99,62.3,123,33.11,0.9436574907282975
3b,4,43,55,529,0.0,29.9986,35186.05,110.3,182,32.982,0.0,29.9986,35184.03,176.7,217,31.438,0.9346511482925473
3b,4,44,62,481,0.0,33.9982,38657.71,43.5,117,26.996,0.0,33.9982,38657.7,36.9,103,29.115,0.9652585554337879
3b,4,45,57,529,0.0,33.9984,38673.87,77.7,146,32.876,0.0,33.9984,38673.86,78.4,130,32.164,0.9419544868799298
3b,4,46,52,540,0.0,33.9984,38903.8,106.4,156,31.135,0.0,33.9984,38897.77,60.8,118,29.879,0.9392687842402566
3b,4,48,52,568,0.0,31.9984,36985.82,152.9,162,35.342,0.0,31.9984,36985.81,94.3,138,33.602,0.9582857238175464
3b,4,49,61,556,0.0,32.9985,37935.94,121.2,169,31.937,0.0,32.9985,37915.94,69.0,122,34.17,0.9094657591023488
3b,4,50,57,553,0.0,34.9983,40229.7,66.7,133,32.558,0.0,34.9983,40197.68,137.2,164,33.466,0.9190257233331888
3b,4,51,61,544,0.0,32.9985,37831.92,134.7,174,34.533,0.0,32.9985,37823.91,100.5,157,33.337,0.9583553001741103
3b,4,52,51,489,0.0,29.9982,34771.71,104.2,180,28.237,0.0,29.9982,34771.7,51.3,127,29.607,0.9269872259719976
3b,4,53,47,576,0.0,31.9986,37035.99,246.4,231,36.447,0.0,31.9986,37028.0,101.3,143,32.701,0.9313367602870695
3b,4,55,51,544,0.0,29.9987,35056.12,66.2,125,33.277,0.0,29.9987,35052.12,86.3,135,31.831,0.9450265323803335
3b,4,56,49,574,0.0,31.9986,36614.08,94.4,156,35.168,0.0,31.9986,36612.02,67.2,124,33.942,0.9427412229148596
3b,4,57,61,515,0.0,31.9985,36997.94,62.5,132,30.749,0.0,31.9985,36983.94,55.5,122,31.453,0.9458177515265593
3b,4,58,49,543,0.0,29.9986,34708.07,116.4,166,32.58,0.0,29.9986,34670.07,122.9,193,31.899,0.9274896071479093
3b,4,59,57,493,0.0,29.9985,34613.95,101.6,185,28.903,0.0,29.9985,34607.93,59.0,122,29.153,0.9495925954357529
3b,4,60,56,470,0.0,30.9984,35635.93,44.1,125,27.458,0.0,30.9984,35607.93,50.0,135,27.519,0.9508360904945006
3b,4,61,56,489,0.0,29.9983,34739.71,60.5,130,28.207,0.0,29.9983,34701.76,53.9,123,27.299,0.9595716783216783
3b,4,62,47,517,0.0,27.9987,32650.18,70.8,136,34.752,0.0,27.9986,32632.13,64.6,137,32.194,0.9478166704158449
3b,4,63,57,551,0.0,32.9985,37936.0,68.4,122,34.73,0.0,32.9985,37926.0,68.4,126,32.981,0.9424758299082465
3b,4,64,54,529,0.0,29.9986,34892.05,94.4,154,31.15,0.0,29.9986,34892.04,69.4,128,31.529,0.9439374881624764
3b,4,65,58,563,0.0,33.9984,39079.77,74.7,127,35.638,0.0,33.9984,39075.78,108.0,158,32.8,0.9579203802226214
3b,4,67,60,537,0.0,29.9985,34891.93,131.2,162,30.409,0.0,29.9985,34867.93,143.6,178,33.973,0.9355194845365731
3b,4,68,54,556,0.0,30.9986,36373.98,146.2,172,35.736,0.0,30.9986,36361.97,169.9,179,33.072,0.935359879084797
3b,4,69,53,560,0.0,27.9988,33368.23,97.5,146,35.017,0.0,27.9987,33336.2,72.8,132,33.307,0.9327117024664708
3b,4,70,57,507,0.0,31.9984,36957.87,75.6,142,32.119,0.0,31.9984,36945.86,88.8,153,30.651,0.958643079912061
3b,4,71,59,493,0.0,33.9982,39131.59,58.4,136,30.507,0.0,33.9982,39119.58,65.7,133,31.454,0.9371014084653932
3b,4,72,63,562,0.0,32.9984,38255.72,154.7,179,34.389,0.0,32.9984,38221.73,113.2,160,33.829,0.9537238193668136
3b,4,73,58,503,0.0,29.9985,35065.91,74.1,141,30.348,0.0,29.9985,35061.9,106.4,163,31.847,0.9548578652162828
3b,4,74,51,490,0.0,31.9984,36591.91,63.0,140,31.03,0.0,31.9984,36587.91,83.2,156,29.516,0.9392970199759851
3b,4,76,52,519,0.0,32.9984,37401.93,73.4,149,32.338,0.0,32.9984,37401.92,65.0,140,30.734,0.9527123807218221
3b,4,77,56,536,0.0,30.9984,36019.87,62.3,121,34.147,0.0,30.9984,36003.88,57.4,115,33.92,0.9419706389034529
3b,4,78,54,567,0.0,31.9985,37111.88,200.7,181,34.835,0.0,31.9985,37073.89,111.7,153,32.263,0.9381218028335052
3b,4,79,58,522,0.0,35.9983,40701.82,92.6,141,30.045,0.0,35.9983,40691.8,51.5,112,28.782,0.9221563347606225
3b,4,80,54,516,0.0,31.9983,36899.78,98.8,155,30.825,0.0,31.9983,36893.77,72.6,133,29.524,0.9653547869042416
3b,4,81,52,568,0.0,35.9981,41095.54,106.6,158,33.11,0.0,35.9981,41089.46,61.5,112,32.959,0.9598543665911173
3b,4,83,53,496,0.0,30.9986,35588.08,55.1,129,30.416,0.0,30.9986,35568.07,51.4,119,28.403,0.9403420048857841
3b,4,84,54,573,0.0,31.9985,37419.94,78.7,128,39.126,0.0,31.9985,37419.94,67.2,119,34.729,0.9260068282149512
3b,4,85,61,512,0.0,32.9987,37880.06,93.8,165,32.573,0.0,31.9986,37072.03,61.0,127,31.491,0.954929881126214
3b,4,86,62,525,0.0,31.9987,37012.14,122.4,170,29.924,0.0,31.9987,36990.15,48.4,107,29.592,0.9424467794759825
3b,4,87,60,507,0.0,31.9984,36641.88,106.4,169,29.062,0.0,31.9984,36621.86,58.9,123,32.399,0.9060527948317539
3b,4,89,59,491,0.0,33.9982,38929.61,40.7,107,30.75,0.0,33.9982,38906.58,40.1,105,29.607,0.9509389192497235
3b,4,90,58,541,0.0,31.9985,36999.92,66.7,134,33.996,0.0,31.9985,36999.9,81.8,144,30.878,0.949796847216208
3b,4,92,65,561,0.0,33.9985,39195.81,65.3,126,31.226,0.0,33.9985,39181.84,61.8,113,35.282,0.9656790287488997
3b,4,93,61,492,0.0,33.9983,38751.75,50.6,122,31.393,0.0,33.9982,38739.71,37.3,112,29.388,0.9564509220135697
3b,4,94,53,644,0.0,34.9982,40581.51,227.4,175,37.877,0.0,34.9982,40581.5,273.3,175,38.793,0.9272393349658461
3b,4,95,61,517,0.0,32.9986,37850.04,44.9,106,34.957,0.0,32.9986,37850.02,44.1,101,30.749,0.9536027846107475
3b,4,96,57,485,0.0,31.9982,36649.7,50.5,132,28.631,0.0,31.9982,36643.68,49.9,117,28.601,0.9654701104686481
3b,4,97,59,535,0.0,33.9982,39241.6,96.1,152,35.608,0.0,33.9982,39241.59,111.4,144,30.938,0.9346579949440166
3b,4,98,56,508,0.0,31.9985,36742.0,111.2,177,30.257,0.0,31.9985,36709.93,56.2,123,30.613,0.9305208463492857
3b,4,99,55,544,0.0,32.9985,38049.9,79.2,142,31.733,0.0,32.9985,38043.9,71.9,128,33.421,0.9427287843357478
3b,4,100,60,551,0.0,32.9985,37897.89,69.2,129,31.158,0.0,32.9985,37893.85,103.9,160,31.506,0.9608958035371682
3b,4,101,54,509,0.0,29.9983,34893.72,215.8,267,29.425,0.0,29.9983,34871.72,73.4,139,31.695,0.943804249427552
3b,4,102,67,553,0.0,33.9984,38883.77,95.1,147,33.375,0.0,33.9984,38856.71,81.9,140,37.484,0.9389992602768678
3b,4,103,53,542,0.0,30.9984,36155.91,61.2,123,32.739,0.0,30.9984,36147.87,56.4,115,31.597,0.9518914511356036
3b,4,104,62,453,0.0,27.9988,32962.38,40.9,119,26.08,0.0,27.9987,32896.22,40.1,114,27.132,0.9288450150562563
3b,4,106,54,561,0.0,33.9984,38727.75,146.2,189,36.046,0.0,33.9984,38709.75,91.2,143,33.942,0.9620408111757506
3b,4,107,60,533,0.0,32.9985,38355.84,86.1,139,31.234,0.0,32.9985,38339.85,112.4,149,32.111,0.9444101241392994
3b,4,108,54,477,0.0,31.9985,36677.91,64.2,152,27.495,0.0,31.9985,36667.92,53.3,146,25.831,0.9417705262543417
3b,4,109,54,543,0.0,29.9986,35292.06,124.3,159,33.33,0.0,29.9986,35278.07,85.2,141,32.565,0.94523114245923
3b,4,110,58,543,0.0,31.9985,36753.88,83.2,147,33.958,0.0,31.9985,36741.88,92.6,159,31.128,0.9491578767107437
3b,4,111,59,544,0.0,32.9985,37885.77,161.6,180,31.831,0.0,32.9985,37885.77,70.2,126,33.201,0.9462018976041745
3b,4,112,58,533,0.0,32.9986,38074.1,77.2,148,31.075,0.0,32.9986,38058.09,62.0,126,31.074,0.9167878027415421
3b,4,113,56,494,0.0,32.9983,37531.8,44.8,116,30.341,0.0,32.9983,37523.77,48.1,116,30.977,0.936920212680341
3b,4,114,66,539,0.0,31.9986,37505.9,154.2,167,34.518,0.0,31.9986,37505.89,125.0,152,31.158,0.9519822382820752
3b,4,115,50,562,0.0,29.9986,34963.97,117.6,164,36.031,0.0,29.9986,34929.97,97.0,150,32.777,0.943210074596936
3b,4,117,56,535,0.0,27.9989,32890.25,63.9,124,30.893,0.0,27.9989,32752.26,80.3,129,32.134,0.9090550973054252
3b,4,118,52,530,0.0,30.9985,35983.87,169.0,211,35.04,0.0,30.9985,35961.88,63.8,131,33.837,0.9138406643066957
3b,4,119,50,510,0.0,29.9985,34931.92,86.5,158,30.961,0.0,29.9985,34929.92,58.2,128,29.637,0.9541693388184136
3b,4,120,49,560,0.0,29.9987,34962.09,131.1,166,33.42,0.0,29.9987,34956.08,271.9,261,33.065,0.9338571366386628
3b,4,121,60,520,0.0,29.9985,35151.98,65.9,134,30.651,0.0,29.9985,35113.99,54.6,121,30.189,0.9350006335220904
3b,4,122,51,517,0.0,29.9984,35067.89,138.8,178,30.848,0.0,29.9984,35025.89,56.8,124,31.15,0.9336156025322411
3b,4,123,56,526,0.0,30.9986,35764.06,56.2,124,32.331,0.0,30.9986,35752.07,117.4,150,31.135,0.9495382553724546
3b,4,125,65,516,0.0,28.9986,34026.02,80.4,145,29.977,0.0,28.9986,34021.98,62.9,135,31.128,0.922965292054662
3b,4,126,50,509,0.0,29.9985,34834.02,54.4,129,32.581,0.0,29.9985,34815.99,51.0,122,32.755,0.9154114525664863
3b,4,127,56,490,0.0,33.9982,38957.56,47.2,109,31.06,0.0,33.9982,38953.55,47.6,111,28.797,0.9631112397367462
3b,4,128,58,526,0.0,30.9986,35870.0,61.3,126,31.059,0.0,30.9986,35835.99,69.6,129,31.37,0.9499417541932246
3b,4,129,57,524,0.0,30.9987,36428.07,82.6,156,30.568,0.0,30.9987,36370.05,185.2,207,35.903,0.9222005622875503
3b,4,130,54,587,0.0,33.9985,39109.89,109.4,148,34.404,0.0,33.9985,39109.87,94.1,147,34.517,0.9050171248363211
3b,4,131,60,503,0.0,30.9985,36167.91,79.6,151,30.038,0.0,30.9985,36109.85,60.3,130,29.773,0.898953323903819
3b,4,132,54,511,0.0,29.9986,35369.99,55.8,118,31.256,0.0,29.9986,35353.97,53.9,113,33.973,0.9076304596718627
3b,4,133,59,585,0.0,33.9983,38907.65,162.0,170,34.215,0.0,33.9983,38907.64,229.0,202,35.206,0.9479661569778637
3b,4,134,59,532,0.0,31.9985,37311.93,78.0,128,34.261,0.0,31.9985,37307.93,81.2,135,32.444,0.9554729172461922
3b,4,135,52,536,0.0,30.9984,36193.91,128.2,173,30.219,0.0,30.9984,36193.9,117.7,156,30.567,0.9489582602595581
3b,4,136,48,495,0.0,30.9985,36051.96,56.2,127,30.152,0.0,30.9985,36027.96,55.4,120,29.069,0.924210479593422
3b,4,138,62,536,0.0,35.9981,40941.5,64.4,127,31.362,0.0,34.4982,39593.66,52.7,110,33.323,0.9618661092777269
3b,4,139,66,557,0.0,33.9983,39121.74,208.9,194,31.347,0.0,33.9983,39115.73,71.6,121,32.081,0.9434332841959593
3b,4,141,55,529,0.0,29.9987,35114.06,73.6,139,34.525,0.0,29.9987,35108.02,65.6,124,30.673,0.9472393239961736
3b,4,142,57,516,0.0,32.9985,37901.98,66.6,136,32.649,0.0,32.9984,37901.91,51.9,116,31.446,0.936186621368913
3b,4,143,54,580,0.0,32.9984,37789.68,263.3,230,37.386,0.0,32.9984,37765.67,116.9,162,33.534,0.9271092719347841
3b,4,144,53,527,0.0,28.9985,34137.97,58.5,121,32.573,0.0,28.9985,34121.98,63.1,121,33.935,0.9416591410065934
3b,4,145,56,537,0.0,31.9985,36901.87,83.1,144,33.693,0.0,31.9985,36885.86,161.0,205,30.348,0.9348750023199273
3b,4,146,58,490,0.0,28.9984,33725.94,89.8,155,30.606,0.0,28.9984,33719.85,96.2,155,28.706,0.9017713545389564
3b,4,147,57,527,0.0,31.9985,36593.91,75.2,142,33.141,0.0,31.9985,36575.9,71.4,137,30.515,0.9438985570783218
3b,4,148,59,529,0.0,32.9984,38173.84,96.1,160,31.34,0.0,32.9984,38157.85,77.6,138,34.912,0.9483215506777729
3b,4,149,55,481,0.0,29.9983,34595.9,54.5,136,28.033,0.0,29.9983,34589.89,50.1,121,29.349,0.9319389070947744
3b,4,150,54,523,0.0,30.9987,36034.01,63.0,128,38.347,0.0,30.9987,36020.01,68.2,136,30.598,0.9515462180829303
3b,4,151,48,524,0.0,30.9987,35908.13,266.5,295,31.801,0.0,30.9987,35890.12,241.0,278,30.212,0.9355927471420808
3b,4,152,55,473,0.0,31.9983,36585.85,65.7,154,28.684,0.0,31.9983,36585.84,69.7,145,28.729,0.9492160257797657
3b,4,154,59,560,0.0,33.9984,39177.78,175.3,173,32.747,0.0,33.9984,39167.78,116.2,134,31.362,0.9304176386357166
3b,4,155,53,551,0.0,32.9985,37957.92,65.6,128,33.594,0.0,32.9985,37945.9,129.9,159,30.711,0.9510020567704653
3b,4,156,52,463,0.0,29.9985,34827.92,49.2,139,26.338,0.0,29.9985,34807.92,56.0,132,27.859,0.949343664708904
3b,4,157,51,496,0.0,30.9984,35513.92,66.8,135,30.242,0.0,30.9984,35451.93,54.4,125,29.402,0.9351199331110942
3b,4,158,48,526,0.0,26.9989,31700.32,99.5,170,34.949,0.0,26.9989,31694.31,150.2,204,30.893,0.940737955251109
3b,4,160,58,517,0.0,31.9985,36827.97,74.5,134,30.825,0.0,31.9985,36795.96,94.0,153,28.653,0.9436512429872871
3b,4,162,62,498,0.0,32.9986,37600.1,61.4,137,29.69,0.0,32.9986,37598.09,61.8,131,28.313,0.9292748048543324
3b,4,163,58,487,0.0,30.9984,35665.93,41.9,107,27.495,0.0,30.9984,35637.87,50.0,115,29.614,0.9217424501872364
3b,4,164,65,493,0.0,31.9984,37043.89,48.1,114,28.063,0.0,31.9984,37031.87,41.0,99,29.607,0.9680585431236691
3b,4,165,56,477,0.0,29.9986,34972.05,54.5,132,27.609,0.0,29.9986,34970.05,62.5,133,28.82,0.9558655014757799
3b,4,166,65,506,0.0,33.9983,38893.73,56.2,116,28.888,0.0,33.9983,38885.74,53.9,113,30.19,0.9540602746497366
3b,4,167,56,546,0.0,29.9985,34661.94,164.1,196,34.298,0.0,29.9985,34637.91,92.4,148,32.747,0.946681532299033
3b,4,168,55,516,0.0,29.9987,34794.01,77.6,147,34.654,0.0,29.9987,34773.99,62.1,132,30.886,0.9577653101381419
3b,4,169,57,523,0.0,32.9986,37987.92,99.6,154,28.903,0.0,32.9986,37975.93,84.8,143,29.395,0.943999331100389
3b,4,170,55,497,0.0,30.9985,35473.88,78.7,153,30.643,0.0,30.9985,35469.88,59.1,138,28.661,0.9444518992845142
3b,4,171,53,533,0.0,31.9985,37029.95,110.5,175,32.785,0.0,31.9985,37023.92,65.4,134,32.959,0.9502747521182202
3b,4,173,52,534,0.0,31.9986,37304.0,82.8,133,32.407,0.0,31.9986,37292.0,55.2,110,30.235,0.9471100816236488
3b,4,174,61,530,0.0,31.9984,36831.75,88.2,154,31.097,0.0,31.9984,36815.74,82.4,137,32.407,0.95119542328979
