;name;t_s;t_e;n_s;n_e;type;o;k;n;w;c;d;s_n601;s_n601b;s_n3300440;s_n3400167;e_n601;e_n601b;e_n3300440;e_n3400167;nb_dep_10;nb_dep_id_10;nb_fin_10;nb_fin_id_10
0;o_D0;0.0;0.0;n601;n601;o;1;0;0;0;0;0;1;0;0;0;1;0;0;0;0;0;0;0
1;k_D0;1485.0;1485.0;n601;n601;k;0;1;0;0;0;0;1;0;0;0;1;0;0;0;0;0;0;0
2;o_D1;0.0;0.0;n601b;n601b;o;1;0;0;0;0;0;0;1;0;0;0;1;0;0;0;0;0;0
3;k_D1;1485.0;1485.0;n601b;n601b;k;0;1;0;0;0;0;0;1;0;0;0;1;0;0;0;0;0;0
4;n_T0;243.0;274.0;n3300440;n601b;n;0;0;1;0;0;0;0;0;1;0;0;1;0;0;0;0;0;0
5;n_T1;250.0;281.0;n601b;n3300440;n;0;0;1;0;0;0;0;1;0;0;0;0;1;0;0;0;0;0
6;n_T2;257.0;288.0;n3300440;n601b;n;0;0;1;0;0;0;0;0;1;0;0;1;0;0;0;0;0;0
7;n_T3;264.0;295.0;n601b;n3300440;n;0;0;1;0;0;0;0;1;0;0;0;0;1;0;0;0;0;0
8;n_T4;271.0;302.0;n3300440;n601b;n;0;0;1;0;0;0;0;0;1;0;0;1;0;0;0;0;0;0
9;n_T5;278.0;309.0;n601b;n3300440;n;0;0;1;0;0;0;0;1;0;0;0;0;1;0;0;0;0;0
10;n_T6;285.0;316.0;n3300440;n601b;n;0;0;1;0;0;0;0;0;1;0;0;1;0;0;0;0;0;0
11;n_T7;292.0;323.0;n601b;n3300440;n;0;0;1;0;0;0;0;1;0;0;0;0;1;0;0;0;0;0
12;n_T8;299.0;330.0;n3300440;n601b;n;0;0;1;0;0;0;0;0;1;0;0;1;0;0;1;1;1;1
13;n_T9;307.0;338.0;n601b;n3300440;n;0;0;1;0;0;0;0;1;0;0;0;0;1;0;1;1;1;1
14;n_T10;315.0;346.0;n3300440;n601b;n;0;0;1;0;0;0;0;0;1;0;0;1;0;0;1;1;1;1
15;n_T11;323.0;354.0;n601b;n3300440;n;0;0;1;0;0;0;0;1;0;0;0;0;1;0;1;1;1;1
16;n_T12;331.0;362.0;n3300440;n601b;n;0;0;1;0;0;0;0;0;1;0;0;1;0;0;1;1;1;1
17;n_T13;339.0;370.0;n601b;n3300440;n;0;0;1;0;0;0;0;1;0;0;0;0;1;0;1;1;1;1
18;n_T14;347.0;378.0;n3300440;n601b;n;0;0;1;0;0;0;0;0;1;0;0;1;0;0;1;1;1;1
19;n_T15;355.0;386.0;n601b;n3300440;n;0;0;1;0;0;0;0;1;0;0;0;0;1;0;2;2;1;1
20;n_T16;360.0;391.0;n3300440;n601b;n;0;0;1;0;0;0;0;0;1;0;0;1;0;0;4;3;0;0
21;n_T17;364.0;395.0;n601b;n3300440;n;0;0;1;0;0;0;0;1;0;0;0;0;1;0;2;2;1;1
22;n_T18;368.0;399.0;n3300440;n601b;n;0;0;1;0;0;0;0;0;1;0;0;1;0;0;3;2;2;2
23;n_T19;372.0;403.0;n601b;n3300440;n;0;0;1;0;0;0;0;1;0;0;0;0;1;0;3;3;2;2
24;n_T20;376.0;407.0;n3300440;n601b;n;0;0;1;0;0;0;0;0;1;0;0;1;0;0;3;3;2;2
25;n_T21;380.0;411.0;n601b;n3300440;n;0;0;1;0;0;0;0;1;0;0;0;0;1;0;2;2;3;2
26;n_T22;384.0;415.0;n3300440;n601b;n;0;0;1;0;0;0;0;0;1;0;0;1;0;0;3;2;3;3
27;n_T23;388.0;419.0;n601b;n3300440;n;0;0;1;0;0;0;0;1;0;0;0;0;1;0;3;3;4;3
28;n_T24;392.0;423.0;n3300440;n601b;n;0;0;1;0;0;0;0;0;1;0;0;1;0;0;5;4;3;3
29;n_T25;396.0;427.0;n601b;n3300440;n;0;0;1;0;0;0;0;1;0;0;0;0;1;0;2;2;3;2
30;n_T26;400.0;431.0;n3300440;n601b;n;0;0;1;0;0;0;0;0;1;0;0;1;0;0;2;2;3;3
31;n_T27;404.0;435.0;n601b;n3300440;n;0;0;1;0;0;0;0;1;0;0;0;0;1;0;3;3;4;3
32;n_T28;408.0;439.0;n3300440;n601b;n;0;0;1;0;0;0;0;0;1;0;0;1;0;0;4;3;2;2
33;n_T29;412.0;443.0;n601b;n3300440;n;0;0;1;0;0;0;0;1;0;0;0;0;1;0;2;2;3;2
34;n_T30;416.0;447.0;n3300440;n601b;n;0;0;1;0;0;0;0;0;1;0;0;1;0;0;3;2;3;3
35;n_T31;423.0;454.0;n601b;n3300440;n;0;0;1;0;0;0;0;1;0;0;0;0;1;0;2;2;4;3
36;n_T32;430.0;461.0;n3300440;n601b;n;0;0;1;0;0;0;0;0;1;0;0;1;0;0;4;3;2;2
37;n_T33;437.0;468.0;n601b;n3300440;n;0;0;1;0;0;0;0;1;0;0;0;0;1;0;2;2;3;2
38;n_T34;444.0;475.0;n3300440;n601b;n;0;0;1;0;0;0;0;0;1;0;0;1;0;0;3;2;2;2
39;n_T35;451.0;482.0;n601b;n3300440;n;0;0;1;0;0;0;0;1;0;0;0;0;1;0;3;3;3;2
40;n_T36;458.0;489.0;n3300440;n601b;n;0;0;1;0;0;0;0;0;1;0;0;1;0;0;3;2;3;3
41;n_T37;465.0;496.0;n601b;n3300440;n;0;0;1;0;0;0;0;1;0;0;0;0;1;0;2;2;3;2
42;n_T38;472.0;503.0;n3300440;n601b;n;0;0;1;0;0;0;0;0;1;0;0;1;0;0;3;2;2;2
43;n_T39;479.0;510.0;n601b;n3300440;n;0;0;1;0;0;0;0;1;0;0;0;0;1;0;1;1;3;2
44;n_T40;519.0;550.0;n3300440;n601b;n;0;0;1;0;0;0;0;0;1;0;0;1;0;0;3;2;1;1
45;n_T41;540.0;571.0;n601b;n3300440;n;0;0;1;0;0;0;0;1;0;0;0;0;1;0;0;0;2;2
46;n_T42;553.0;584.0;n3300440;n601b;n;0;0;1;0;0;0;0;0;1;0;0;1;0;0;1;1;0;0
47;n_T43;566.0;597.0;n601b;n3300440;n;0;0;1;0;0;0;0;1;0;0;0;0;1;0;1;1;1;1
48;n_T44;579.0;610.0;n3300440;n601b;n;0;0;1;0;0;0;0;0;1;0;0;1;0;0;0;0;2;2
49;n_T45;592.0;623.0;n601b;n3300440;n;0;0;1;0;0;0;0;1;0;0;0;0;1;0;1;1;0;0
50;n_T46;600.0;631.0;n3300440;n601b;n;0;0;1;0;0;0;0;0;1;0;0;1;0;0;0;0;0;0
51;n_T47;608.0;639.0;n601b;n3300440;n;0;0;1;0;0;0;0;1;0;0;0;0;1;0;1;1;0;0
52;n_T48;616.0;647.0;n3300440;n601b;n;0;0;1;0;0;0;0;0;1;0;0;1;0;0;0;0;1;1
53;n_T49;624.0;655.0;n601b;n3300440;n;0;0;1;0;0;0;0;1;0;0;0;0;1;0;1;1;2;2
54;n_T50;632.0;663.0;n3300440;n601b;n;0;0;1;0;0;0;0;0;1;0;0;1;0;0;2;2;0;0
55;n_T51;640.0;671.0;n601b;n3300440;n;0;0;1;0;0;0;0;1;0;0;0;0;1;0;0;0;0;0
56;n_T52;648.0;679.0;n3300440;n601b;n;0;0;1;0;0;0;0;0;1;0;0;1;0;0;0;0;1;1
57;n_T53;656.0;687.0;n601b;n3300440;n;0;0;1;0;0;0;0;1;0;0;0;0;1;0;0;0;1;1
58;n_T54;666.0;697.0;n3300440;n601b;n;0;0;1;0;0;0;0;0;1;0;0;1;0;0;1;1;0;0
59;n_T55;676.0;707.0;n601b;n3300440;n;0;0;1;0;0;0;0;1;0;0;0;0;1;0;1;1;0;0
60;n_T56;686.0;717.0;n3300440;n601b;n;0;0;1;0;0;0;0;0;1;0;0;1;0;0;1;1;1;1
61;n_T57;696.0;727.0;n601b;n3300440;n;0;0;1;0;0;0;0;1;0;0;0;0;1;0;1;1;1;1
62;n_T58;706.0;737.0;n3300440;n601b;n;0;0;1;0;0;0;0;0;1;0;0;1;0;0;1;1;1;1
63;n_T59;716.0;747.0;n601b;n3300440;n;0;0;1;0;0;0;0;1;0;0;0;0;1;0;1;1;1;1
64;n_T60;726.0;757.0;n3300440;n601b;n;0;0;1;0;0;0;0;0;1;0;0;1;0;0;1;1;1;1
65;n_T61;736.0;767.0;n601b;n3300440;n;0;0;1;0;0;0;0;1;0;0;0;0;1;0;2;2;1;1
66;n_T62;746.0;777.0;n3300440;n601b;n;0;0;1;0;0;0;0;0;1;0;0;1;0;0;2;2;1;1
67;n_T63;756.0;787.0;n601b;n3300440;n;0;0;1;0;0;0;0;1;0;0;0;0;1;0;2;2;2;2
68;n_T64;766.0;797.0;n3300440;n601b;n;0;0;1;0;0;0;0;0;1;0;0;1;0;0;2;2;2;2
69;n_T65;776.0;807.0;n601b;n3300440;n;0;0;1;0;0;0;0;1;0;0;0;0;1;0;2;2;2;2
70;n_T66;782.0;813.0;n3300440;n601b;n;0;0;1;0;0;0;0;0;1;0;0;1;0;0;2;2;2;2
71;n_T67;788.0;819.0;n601b;n3300440;n;0;0;1;0;0;0;0;1;0;0;0;0;1;0;2;2;1;1
72;n_T68;794.0;825.0;n3300440;n601b;n;0;0;1;0;0;0;0;0;1;0;0;1;0;0;0;0;0;0
73;n_T69;800.0;831.0;n601b;n3300440;n;0;0;1;0;0;0;0;1;0;0;0;0;1;0;0;0;1;1
74;n_T70;806.0;837.0;n3300440;n601b;n;0;0;1;0;0;0;0;0;1;0;0;1;0;0;2;2;2;2
75;n_T71;812.0;843.0;n601b;n3300440;n;0;0;1;0;0;0;0;1;0;0;0;0;1;0;2;2;2;2
76;n_T72;818.0;849.0;n3300440;n601b;n;0;0;1;0;0;0;0;0;1;0;0;1;0;0;2;2;1;1
77;n_T73;824.0;855.0;n601b;n3300440;n;0;0;1;0;0;0;0;1;0;0;0;0;1;0;0;0;0;0
78;n_T74;830.0;861.0;n3300440;n601b;n;0;0;1;0;0;0;0;0;1;0;0;1;0;0;0;0;1;1
79;n_T75;836.0;867.0;n601b;n3300440;n;0;0;1;0;0;0;0;1;0;0;0;0;1;0;2;2;2;2
80;n_T76;842.0;873.0;n3300440;n601b;n;0;0;1;0;0;0;0;0;1;0;0;1;0;0;2;2;2;2
81;n_T77;848.0;879.0;n601b;n3300440;n;0;0;1;0;0;0;0;1;0;0;0;0;1;0;2;2;2;2
82;n_T78;854.0;885.0;n3300440;n601b;n;0;0;1;0;0;0;0;0;1;0;0;1;0;0;2;2;1;1
83;n_T79;860.0;891.0;n601b;n3300440;n;0;0;1;0;0;0;0;1;0;0;0;0;1;0;2;2;1;1
84;n_T80;866.0;897.0;n3300440;n601b;n;0;0;1;0;0;0;0;0;1;0;0;1;0;0;1;1;1;1
85;n_T81;872.0;903.0;n601b;n3300440;n;0;0;1;0;0;0;0;1;0;0;0;0;1;0;1;1;2;2
86;n_T82;878.0;909.0;n3300440;n601b;n;0;0;1;0;0;0;0;0;1;0;0;1;0;0;1;1;2;2
87;n_T83;884.0;915.0;n601b;n3300440;n;0;0;1;0;0;0;0;1;0;0;0;0;1;0;2;2;2;2
88;n_T84;890.0;921.0;n3300440;n601b;n;0;0;1;0;0;0;0;0;1;0;0;1;0;0;3;2;2;2
89;n_T85;896.0;927.0;n601b;n3300440;n;0;0;1;0;0;0;0;1;0;0;0;0;1;0;2;2;2;2
90;n_T86;909.0;940.0;n3300440;n601b;n;0;0;1;0;0;0;0;0;1;0;0;1;0;0;2;2;2;2
91;n_T87;922.0;953.0;n601b;n3300440;n;0;0;1;0;0;0;0;1;0;0;0;0;1;0;3;3;2;2
92;n_T88;935.0;966.0;n3300440;n601b;n;0;0;1;0;0;0;0;0;1;0;0;1;0;0;4;3;2;2
93;n_T89;948.0;979.0;n601b;n3300440;n;0;0;1;0;0;0;0;1;0;0;0;0;1;0;3;3;2;2
94;n_T90;960.0;991.0;n3300440;n601b;n;0;0;1;0;0;0;0;0;1;0;0;1;0;0;2;2;1;1
95;n_T91;968.0;999.0;n601b;n3300440;n;0;0;1;0;0;0;0;1;0;0;0;0;1;0;1;1;3;2
96;n_T92;976.0;1007.0;n3300440;n601b;n;0;0;1;0;0;0;0;0;1;0;0;1;0;0;2;1;1;1
97;n_T93;984.0;1015.0;n601b;n3300440;n;0;0;1;0;0;0;0;1;0;0;0;0;1;0;1;1;2;2
98;n_T94;992.0;1023.0;n3300440;n601b;n;0;0;1;0;0;0;0;0;1;0;0;1;0;0;2;2;2;2
99;n_T95;1000.0;1031.0;n601b;n3300440;n;0;0;1;0;0;0;0;1;0;0;0;0;1;0;2;2;1;1
100;n_T96;1008.0;1039.0;n3300440;n601b;n;0;0;1;0;0;0;0;0;1;0;0;1;0;0;1;1;1;1
101;n_T97;1016.0;1047.0;n601b;n3300440;n;0;0;1;0;0;0;0;1;0;0;0;0;1;0;1;1;2;2
102;n_T98;1026.0;1057.0;n3300440;n601b;n;0;0;1;0;0;0;0;0;1;0;0;1;0;0;1;1;1;1
103;n_T99;1036.0;1067.0;n601b;n3300440;n;0;0;1;0;0;0;0;1;0;0;0;0;1;0;1;1;1;1
104;n_T100;1046.0;1077.0;n3300440;n601b;n;0;0;1;0;0;0;0;0;1;0;0;1;0;0;1;1;1;1
105;n_T101;1056.0;1087.0;n601b;n3300440;n;0;0;1;0;0;0;0;1;0;0;0;0;1;0;1;1;1;1
106;n_T102;1066.0;1097.0;n3300440;n601b;n;0;0;1;0;0;0;0;0;1;0;0;1;0;0;1;1;1;1
107;n_T103;1076.0;1107.0;n601b;n3300440;n;0;0;1;0;0;0;0;1;0;0;0;0;1;0;1;1;1;1
108;n_T104;1083.0;1114.0;n3300440;n601b;n;0;0;1;0;0;0;0;0;1;0;0;1;0;0;3;2;2;2
109;n_T105;1090.0;1121.0;n601b;n3300440;n;0;0;1;0;0;0;0;1;0;0;0;0;1;0;2;2;3;2
110;n_T106;1097.0;1128.0;n3300440;n601b;n;0;0;1;0;0;0;0;0;1;0;0;1;0;0;1;1;1;1
111;n_T107;1104.0;1135.0;n601b;n3300440;n;0;0;1;0;0;0;0;1;0;0;0;0;1;0;1;1;1;1
112;n_T108;1111.0;1142.0;n3300440;n601b;n;0;0;1;0;0;0;0;0;1;0;0;1;0;0;2;1;2;2
113;n_T109;1118.0;1149.0;n601b;n3300440;n;0;0;1;0;0;0;0;1;0;0;0;0;1;0;2;2;3;2
114;n_T110;1125.0;1156.0;n3300440;n601b;n;0;0;1;0;0;0;0;0;1;0;0;1;0;0;2;2;0;0
115;n_T111;1132.0;1163.0;n601b;n3300440;n;0;0;1;0;0;0;0;1;0;0;0;0;1;0;1;1;0;0
116;n_T112;1139.0;1170.0;n3300440;n601b;n;0;0;1;0;0;0;0;0;1;0;0;1;0;0;1;1;1;1
117;n_T113;1179.0;1210.0;n601b;n3300440;n;0;0;1;0;0;0;0;1;0;0;0;0;1;0;1;1;1;1
118;n_T114;1200.0;1231.0;n3300440;n601b;n;0;0;1;0;0;0;0;0;1;0;0;1;0;0;1;1;1;1
119;n_T115;1208.0;1239.0;n601b;n3300440;n;0;0;1;0;0;0;0;1;0;0;0;0;1;0;1;1;1;1
120;n_T116;1216.0;1247.0;n3300440;n601b;n;0;0;1;0;0;0;0;0;1;0;0;1;0;0;1;1;1;1
121;n_T117;1224.0;1255.0;n601b;n3300440;n;0;0;1;0;0;0;0;1;0;0;0;0;1;0;2;2;2;2
122;n_T118;1232.0;1263.0;n3300440;n601b;n;0;0;1;0;0;0;0;0;1;0;0;1;0;0;2;2;2;2
123;n_T119;1240.0;1271.0;n601b;n3300440;n;0;0;1;0;0;0;0;1;0;0;0;0;1;0;2;2;1;1
124;n_T120;1248.0;1279.0;n3300440;n601b;n;0;0;1;0;0;0;0;0;1;0;0;1;0;0;1;1;1;1
125;n_T121;1256.0;1287.0;n601b;n3300440;n;0;0;1;0;0;0;0;1;0;0;0;0;1;0;1;1;1;1
126;n_T122;1276.0;1307.0;n3300440;n601b;n;0;0;1;0;0;0;0;0;1;0;0;1;0;0;1;1;1;1
127;n_T123;1296.0;1327.0;n601b;n3300440;n;0;0;1;0;0;0;0;1;0;0;0;0;1;0;1;1;1;1
128;n_T124;1316.0;1347.0;n3300440;n601b;n;0;0;1;0;0;0;0;0;1;0;0;1;0;0;1;1;0;0
129;n_T125;1336.0;1367.0;n601b;n3300440;n;0;0;1;0;0;0;0;1;0;0;0;0;1;0;1;1;0;0
130;n_T126;1356.0;1387.0;n3300440;n601b;n;0;0;1;0;0;0;0;0;1;0;0;1;0;0;0;0;1;1
131;n_T127;1376.0;1407.0;n601b;n3300440;n;0;0;1;0;0;0;0;1;0;0;0;0;1;0;1;1;1;1
132;n_T128;303.0;328.0;n3300440;n601b;n;0;0;1;0;0;0;0;0;1;0;0;1;0;0;0;0;0;0
133;n_T129;311.0;336.0;n601b;n3300440;n;0;0;1;0;0;0;0;1;0;0;0;0;1;0;0;0;0;0
134;n_T130;319.0;344.0;n3300440;n601b;n;0;0;1;0;0;0;0;0;1;0;0;1;0;0;0;0;0;0
135;n_T131;327.0;352.0;n601b;n3300440;n;0;0;1;0;0;0;0;1;0;0;0;0;1;0;0;0;0;0
136;n_T132;335.0;360.0;n3300440;n601b;n;0;0;1;0;0;0;0;0;1;0;0;1;0;0;0;0;0;0
137;n_T133;343.0;368.0;n601b;n3300440;n;0;0;1;0;0;0;0;1;0;0;0;0;1;0;0;0;0;0
138;n_T134;351.0;376.0;n3300440;n601b;n;0;0;1;0;0;0;0;0;1;0;0;1;0;0;1;1;0;0
139;n_T135;359.0;384.0;n601b;n3300440;n;0;0;1;0;0;0;0;1;0;0;0;0;1;0;2;2;0;0
140;n_T136;367.0;392.0;n3300440;n601b;n;0;0;1;0;0;0;0;0;1;0;0;1;0;0;4;3;1;1
141;n_T137;375.0;400.0;n601b;n3300440;n;0;0;1;0;0;0;0;1;0;0;0;0;1;0;2;2;1;1
142;n_T138;383.0;408.0;n3300440;n601b;n;0;0;1;0;0;0;0;0;1;0;0;1;0;0;4;3;3;3
143;n_T139;391.0;416.0;n601b;n3300440;n;0;0;1;0;0;0;0;1;0;0;0;0;1;0;2;2;2;2
144;n_T140;399.0;424.0;n3300440;n601b;n;0;0;1;0;0;0;0;0;1;0;0;1;0;0;4;3;3;3
145;n_T141;407.0;432.0;n601b;n3300440;n;0;0;1;0;0;0;0;1;0;0;0;0;1;0;3;3;3;2
146;n_T142;415.0;440.0;n3300440;n601b;n;0;0;1;0;0;0;0;0;1;0;0;1;0;0;4;3;3;3
147;n_T143;420.0;445.0;n601b;n3300440;n;0;0;1;0;0;0;0;1;0;0;0;0;1;0;3;3;4;3
148;n_T144;424.0;449.0;n3300440;n601b;n;0;0;1;0;0;0;0;0;1;0;0;1;0;0;3;2;4;4
149;n_T145;428.0;453.0;n601b;n3300440;n;0;0;1;0;0;0;0;1;0;0;0;0;1;0;3;3;4;3
150;n_T146;432.0;457.0;n3300440;n601b;n;0;0;1;0;0;0;0;0;1;0;0;1;0;0;3;2;3;3
151;n_T147;436.0;461.0;n601b;n3300440;n;0;0;1;0;0;0;0;1;0;0;0;0;1;0;3;3;4;3
152;n_T148;440.0;465.0;n3300440;n601b;n;0;0;1;0;0;0;0;0;1;0;0;1;0;0;3;3;3;3
153;n_T149;444.0;469.0;n601b;n3300440;n;0;0;1;0;0;0;0;1;0;0;0;0;1;0;3;3;3;2
154;n_T150;448.0;473.0;n3300440;n601b;n;0;0;1;0;0;0;0;0;1;0;0;1;0;0;3;2;2;2
155;n_T151;452.0;477.0;n601b;n3300440;n;0;0;1;0;0;0;0;1;0;0;0;0;1;0;2;2;4;3
156;n_T152;456.0;481.0;n3300440;n601b;n;0;0;1;0;0;0;0;0;1;0;0;1;0;0;4;3;3;3
157;n_T153;460.0;485.0;n601b;n3300440;n;0;0;1;0;0;0;0;1;0;0;0;0;1;0;3;3;4;3
158;n_T154;464.0;489.0;n3300440;n601b;n;0;0;1;0;0;0;0;0;1;0;0;1;0;0;4;3;3;3
159;n_T155;468.0;493.0;n601b;n3300440;n;0;0;1;0;0;0;0;1;0;0;0;0;1;0;2;2;1;1
160;n_T156;472.0;497.0;n3300440;n601b;n;0;0;1;0;0;0;0;0;1;0;0;1;0;0;3;2;3;3
161;n_T157;476.0;501.0;n601b;n3300440;n;0;0;1;0;0;0;0;1;0;0;0;0;1;0;2;2;4;3
162;n_T158;486.0;511.0;n3300440;n601b;n;0;0;1;0;0;0;0;0;1;0;0;1;0;0;1;1;1;1
163;n_T159;496.0;521.0;n601b;n3300440;n;0;0;1;0;0;0;0;1;0;0;0;0;1;0;1;1;1;1
164;n_T160;506.0;531.0;n3300440;n601b;n;0;0;1;0;0;0;0;0;1;0;0;1;0;0;2;1;1;1
165;n_T161;516.0;541.0;n601b;n3300440;n;0;0;1;0;0;0;0;1;0;0;0;0;1;0;1;1;2;1
166;n_T162;526.0;551.0;n3300440;n601b;n;0;0;1;0;0;0;0;0;1;0;0;1;0;0;2;1;2;2
167;n_T163;536.0;561.0;n601b;n3300440;n;0;0;1;0;0;0;0;1;0;0;0;0;1;0;2;2;2;1
168;n_T164;576.0;601.0;n3300440;n601b;n;0;0;1;0;0;0;0;0;1;0;0;1;0;0;2;2;0;0
169;n_T165;600.0;625.0;n601b;n3300440;n;0;0;1;0;0;0;0;1;0;0;0;0;1;0;1;1;1;1
170;n_T166;613.0;638.0;n3300440;n601b;n;0;0;1;0;0;0;0;0;1;0;0;1;0;0;1;1;2;2
171;n_T167;626.0;651.0;n601b;n3300440;n;0;0;1;0;0;0;0;1;0;0;0;0;1;0;0;0;0;0
172;n_T168;639.0;664.0;n3300440;n601b;n;0;0;1;0;0;0;0;0;1;0;0;1;0;0;1;1;1;1
173;n_T169;652.0;677.0;n601b;n3300440;n;0;0;1;0;0;0;0;1;0;0;0;0;1;0;2;2;1;1
174;n_T170;660.0;685.0;n3300440;n601b;n;0;0;1;0;0;0;0;0;1;0;0;1;0;0;2;2;1;1
175;n_T171;668.0;693.0;n601b;n3300440;n;0;0;1;0;0;0;0;1;0;0;0;0;1;0;2;2;1;1
176;n_T172;676.0;701.0;n3300440;n601b;n;0;0;1;0;0;0;0;0;1;0;0;1;0;0;2;2;1;1
177;n_T173;684.0;709.0;n601b;n3300440;n;0;0;1;0;0;0;0;1;0;0;0;0;1;0;1;1;1;1
178;n_T174;692.0;717.0;n3300440;n601b;n;0;0;1;0;0;0;0;0;1;0;0;1;0;0;0;0;1;1
179;n_T175;700.0;725.0;n601b;n3300440;n;0;0;1;0;0;0;0;1;0;0;0;0;1;0;0;0;0;0
180;n_T176;708.0;733.0;n3300440;n601b;n;0;0;1;0;0;0;0;0;1;0;0;1;0;0;0;0;1;1
181;n_T177;716.0;741.0;n601b;n3300440;n;0;0;1;0;0;0;0;1;0;0;0;0;1;0;1;1;1;1
182;n_T178;726.0;751.0;n3300440;n601b;n;0;0;1;0;0;0;0;0;1;0;0;1;0;0;1;1;1;1
183;n_T179;736.0;761.0;n601b;n3300440;n;0;0;1;0;0;0;0;1;0;0;0;0;1;0;2;2;1;1
184;n_T180;746.0;771.0;n3300440;n601b;n;0;0;1;0;0;0;0;0;1;0;0;1;0;0;2;2;1;1
185;n_T181;756.0;781.0;n601b;n3300440;n;0;0;1;0;0;0;0;1;0;0;0;0;1;0;2;2;0;0
186;n_T182;766.0;791.0;n3300440;n601b;n;0;0;1;0;0;0;0;0;1;0;0;1;0;0;2;2;0;0
187;n_T183;776.0;801.0;n601b;n3300440;n;0;0;1;0;0;0;0;1;0;0;0;0;1;0;2;2;0;0
188;n_T184;786.0;811.0;n3300440;n601b;n;0;0;1;0;0;0;0;0;1;0;0;1;0;0;2;2;1;1
189;n_T185;796.0;821.0;n601b;n3300440;n;0;0;1;0;0;0;0;1;0;0;0;0;1;0;2;2;2;2
190;n_T186;806.0;831.0;n3300440;n601b;n;0;0;1;0;0;0;0;0;1;0;0;1;0;0;2;2;2;2
191;n_T187;816.0;841.0;n601b;n3300440;n;0;0;1;0;0;0;0;1;0;0;0;0;1;0;2;2;2;2
192;n_T188;826.0;851.0;n3300440;n601b;n;0;0;1;0;0;0;0;0;1;0;0;1;0;0;2;2;2;2
193;n_T189;836.0;861.0;n601b;n3300440;n;0;0;1;0;0;0;0;1;0;0;0;0;1;0;2;2;2;2
194;n_T190;842.0;867.0;n3300440;n601b;n;0;0;1;0;0;0;0;0;1;0;0;1;0;0;2;2;1;1
195;n_T191;848.0;873.0;n601b;n3300440;n;0;0;1;0;0;0;0;1;0;0;0;0;1;0;2;2;1;1
196;n_T192;854.0;879.0;n3300440;n601b;n;0;0;1;0;0;0;0;0;1;0;0;1;0;0;2;2;1;1
197;n_T193;860.0;885.0;n601b;n3300440;n;0;0;1;0;0;0;0;1;0;0;0;0;1;0;2;2;2;2
198;n_T194;866.0;891.0;n3300440;n601b;n;0;0;1;0;0;0;0;0;1;0;0;1;0;0;1;1;2;2
199;n_T195;872.0;897.0;n601b;n3300440;n;0;0;1;0;0;0;0;1;0;0;0;0;1;0;1;1;2;2
200;n_T196;878.0;903.0;n3300440;n601b;n;0;0;1;0;0;0;0;0;1;0;0;1;0;0;1;1;2;2
201;n_T197;884.0;909.0;n601b;n3300440;n;0;0;1;0;0;0;0;1;0;0;0;0;1;0;2;2;1;1
202;n_T198;890.0;915.0;n3300440;n601b;n;0;0;1;0;0;0;0;0;1;0;0;1;0;0;3;2;1;1
203;n_T199;896.0;921.0;n601b;n3300440;n;0;0;1;0;0;0;0;1;0;0;0;0;1;0;2;2;1;1
204;n_T200;902.0;927.0;n3300440;n601b;n;0;0;1;0;0;0;0;0;1;0;0;1;0;0;3;3;2;2
205;n_T201;908.0;933.0;n601b;n3300440;n;0;0;1;0;0;0;0;1;0;0;0;0;1;0;2;2;2;2
206;n_T202;914.0;939.0;n3300440;n601b;n;0;0;1;0;0;0;0;0;1;0;0;1;0;0;1;1;1;1
207;n_T203;920.0;945.0;n601b;n3300440;n;0;0;1;0;0;0;0;1;0;0;0;0;1;0;2;2;1;1
208;n_T204;926.0;951.0;n3300440;n601b;n;0;0;1;0;0;0;0;0;1;0;0;1;0;0;3;3;1;1
209;n_T205;932.0;957.0;n601b;n3300440;n;0;0;1;0;0;0;0;1;0;0;0;0;1;0;2;2;4;3
210;n_T206;938.0;963.0;n3300440;n601b;n;0;0;1;0;0;0;0;0;1;0;0;1;0;0;2;1;2;2
211;n_T207;944.0;969.0;n601b;n3300440;n;0;0;1;0;0;0;0;1;0;0;0;0;1;0;2;2;1;1
212;n_T208;950.0;975.0;n3300440;n601b;n;0;0;1;0;0;0;0;0;1;0;0;1;0;0;2;2;2;2
213;n_T209;956.0;981.0;n601b;n3300440;n;0;0;1;0;0;0;0;1;0;0;0;0;1;0;2;2;3;3
214;n_T210;969.0;994.0;n3300440;n601b;n;0;0;1;0;0;0;0;0;1;0;0;1;0;0;2;2;3;3
215;n_T211;982.0;1007.0;n601b;n3300440;n;0;0;1;0;0;0;0;1;0;0;0;0;1;0;2;2;3;3
216;n_T212;995.0;1020.0;n3300440;n601b;n;0;0;1;0;0;0;0;0;1;0;0;1;0;0;1;1;1;1
217;n_T213;1008.0;1033.0;n601b;n3300440;n;0;0;1;0;0;0;0;1;0;0;0;0;1;0;2;2;2;2
218;n_T214;1020.0;1045.0;n3300440;n601b;n;0;0;1;0;0;0;0;0;1;0;0;1;0;0;3;2;2;2
219;n_T215;1030.0;1055.0;n601b;n3300440;n;0;0;1;0;0;0;0;1;0;0;0;0;1;0;2;2;2;2
220;n_T216;1040.0;1065.0;n3300440;n601b;n;0;0;1;0;0;0;0;0;1;0;0;1;0;0;2;2;1;1
221;n_T217;1050.0;1075.0;n601b;n3300440;n;0;0;1;0;0;0;0;1;0;0;0;0;1;0;2;2;1;1
222;n_T218;1060.0;1085.0;n3300440;n601b;n;0;0;1;0;0;0;0;0;1;0;0;1;0;0;3;2;1;1
223;n_T219;1070.0;1095.0;n601b;n3300440;n;0;0;1;0;0;0;0;1;0;0;0;0;1;0;2;2;1;1
224;n_T220;1083.0;1108.0;n3300440;n601b;n;0;0;1;0;0;0;0;0;1;0;0;1;0;0;3;2;1;1
225;n_T221;1096.0;1121.0;n601b;n3300440;n;0;0;1;0;0;0;0;1;0;0;0;0;1;0;1;1;3;2
226;n_T222;1109.0;1134.0;n3300440;n601b;n;0;0;1;0;0;0;0;0;1;0;0;1;0;0;3;2;2;2
227;n_T223;1122.0;1147.0;n601b;n3300440;n;0;0;1;0;0;0;0;1;0;0;0;0;1;0;2;2;1;0
228;n_T224;1135.0;1160.0;n3300440;n601b;n;0;0;1;0;0;0;0;0;1;0;0;1;0;0;1;1;2;2
229;n_T225;1142.0;1167.0;n601b;n3300440;n;0;0;1;0;0;0;0;1;0;0;0;0;1;0;1;1;2;2
230;n_T226;1149.0;1174.0;n3300440;n601b;n;0;0;1;0;0;0;0;0;1;0;0;1;0;0;1;1;2;2
231;n_T227;1156.0;1181.0;n601b;n3300440;n;0;0;1;0;0;0;0;1;0;0;0;0;1;0;0;0;0;0
232;n_T228;1163.0;1188.0;n3300440;n601b;n;0;0;1;0;0;0;0;0;1;0;0;1;0;0;0;0;0;0
233;n_T229;1170.0;1195.0;n601b;n3300440;n;0;0;1;0;0;0;0;1;0;0;0;0;1;0;2;2;1;1
234;n_T230;1177.0;1202.0;n3300440;n601b;n;0;0;1;0;0;0;0;0;1;0;0;1;0;0;1;1;1;1
235;n_T231;1184.0;1209.0;n601b;n3300440;n;0;0;1;0;0;0;0;1;0;0;0;0;1;0;0;0;0;0
236;n_T232;1191.0;1216.0;n3300440;n601b;n;0;0;1;0;0;0;0;0;1;0;0;1;0;0;1;1;0;0
237;n_T233;1198.0;1223.0;n601b;n3300440;n;0;0;1;0;0;0;0;1;0;0;0;0;1;0;1;1;0;0
238;n_T234;1211.0;1236.0;n3300440;n601b;n;0;0;1;0;0;0;0;0;1;0;0;1;0;0;2;2;1;1
239;n_T235;1224.0;1249.0;n601b;n3300440;n;0;0;1;0;0;0;0;1;0;0;0;0;1;0;2;2;1;1
240;n_T236;1237.0;1262.0;n3300440;n601b;n;0;0;1;0;0;0;0;0;1;0;0;1;0;0;1;1;1;1
241;n_T237;1250.0;1275.0;n601b;n3300440;n;0;0;1;0;0;0;0;1;0;0;0;0;1;0;1;1;2;2
242;n_T238;1260.0;1285.0;n3300440;n601b;n;0;0;1;0;0;0;0;0;1;0;0;1;0;0;0;0;2;2
243;n_T239;1266.0;1291.0;n601b;n3300440;n;0;0;1;0;0;0;0;1;0;0;0;0;1;0;1;1;2;2
244;n_T240;1272.0;1297.0;n3300440;n601b;n;0;0;1;0;0;0;0;0;1;0;0;1;0;0;1;1;1;1
245;n_T241;1278.0;1303.0;n601b;n3300440;n;0;0;1;0;0;0;0;1;0;0;0;0;1;0;0;0;0;0
246;n_T242;1284.0;1309.0;n3300440;n601b;n;0;0;1;0;0;0;0;0;1;0;0;1;0;0;1;1;1;1
247;n_T243;1290.0;1315.0;n601b;n3300440;n;0;0;1;0;0;0;0;1;0;0;0;0;1;0;1;1;1;1
248;n_T244;1296.0;1321.0;n3300440;n601b;n;0;0;1;0;0;0;0;0;1;0;0;1;0;0;0;0;0;0
249;n_T245;1302.0;1327.0;n601b;n3300440;n;0;0;1;0;0;0;0;1;0;0;0;0;1;0;0;0;1;1
250;n_T246;1308.0;1333.0;n3300440;n601b;n;0;0;1;0;0;0;0;0;1;0;0;1;0;0;1;1;0;0
251;n_T247;1314.0;1339.0;n601b;n3300440;n;0;0;1;0;0;0;0;1;0;0;0;0;1;0;0;0;0;0
252;n_T248;1334.0;1359.0;n3300440;n601b;n;0;0;1;0;0;0;0;0;1;0;0;1;0;0;1;1;0;0
253;n_T249;1354.0;1379.0;n601b;n3300440;n;0;0;1;0;0;0;0;1;0;0;0;0;1;0;1;1;1;1
254;n_T250;1374.0;1399.0;n3300440;n601b;n;0;0;1;0;0;0;0;0;1;0;0;1;0;0;0;0;1;1
255;n_T251;362.0;403.0;n3300440;n601b;n;0;0;1;0;0;0;0;0;1;0;0;1;0;0;4;3;1;1
256;n_T252;367.0;408.0;n601b;n3300440;n;0;0;1;0;0;0;0;1;0;0;0;0;1;0;3;3;3;2
257;n_T253;372.0;413.0;n3300440;n601b;n;0;0;1;0;0;0;0;0;1;0;0;1;0;0;3;2;3;3
258;n_T254;377.0;418.0;n601b;n3300440;n;0;0;1;0;0;0;0;1;0;0;0;0;1;0;2;2;4;3
259;n_T255;382.0;423.0;n3300440;n601b;n;0;0;1;0;0;0;0;0;1;0;0;1;0;0;5;4;3;3
260;n_T256;387.0;428.0;n601b;n3300440;n;0;0;1;0;0;0;0;1;0;0;0;0;1;0;4;4;3;3
261;n_T257;392.0;433.0;n3300440;n601b;n;0;0;1;0;0;0;0;0;1;0;0;1;0;0;5;4;4;4
262;n_T258;397.0;438.0;n601b;n3300440;n;0;0;1;0;0;0;0;1;0;0;0;0;1;0;3;3;4;3
263;n_T259;402.0;443.0;n3300440;n601b;n;0;0;1;0;0;0;0;0;1;0;0;1;0;0;3;2;3;3
264;n_T260;407.0;448.0;n601b;n3300440;n;0;0;1;0;0;0;0;1;0;0;0;0;1;0;3;3;4;3
265;n_T261;412.0;453.0;n3300440;n601b;n;0;0;1;0;0;0;0;0;1;0;0;1;0;0;2;2;3;3
266;n_T262;417.0;458.0;n601b;n3300440;n;0;0;1;0;0;0;0;1;0;0;0;0;1;0;2;2;4;3
267;n_T263;423.0;464.0;n3300440;n601b;n;0;0;1;0;0;0;0;0;1;0;0;1;0;0;4;3;2;2
268;n_T264;429.0;470.0;n601b;n3300440;n;0;0;1;0;0;0;0;1;0;0;0;0;1;0;2;2;4;3
269;n_T265;435.0;476.0;n3300440;n601b;n;0;0;1;0;0;0;0;0;1;0;0;1;0;0;3;2;2;2
270;n_T266;441.0;482.0;n601b;n3300440;n;0;0;1;0;0;0;0;1;0;0;0;0;1;0;2;2;3;2
271;n_T267;447.0;488.0;n3300440;n601b;n;0;0;1;0;0;0;0;0;1;0;0;1;0;0;3;2;1;1
272;n_T268;453.0;494.0;n601b;n3300440;n;0;0;1;0;0;0;0;1;0;0;0;0;1;0;1;1;2;2
273;n_T269;459.0;500.0;n3300440;n601b;n;0;0;1;0;0;0;0;0;1;0;0;1;0;0;2;1;1;1
274;n_T270;465.0;506.0;n601b;n3300440;n;0;0;1;0;0;0;0;1;0;0;0;0;1;0;2;2;2;2
275;n_T271;471.0;512.0;n3300440;n601b;n;0;0;1;0;0;0;0;0;1;0;0;1;0;0;3;2;2;2
276;n_T272;477.0;518.0;n601b;n3300440;n;0;0;1;0;0;0;0;1;0;0;0;0;1;0;2;2;2;1
277;n_T273;482.0;523.0;n3300440;n601b;n;0;0;1;0;0;0;0;0;1;0;0;1;0;0;2;2;0;0
278;n_T274;487.0;528.0;n601b;n3300440;n;0;0;1;0;0;0;0;1;0;0;0;0;1;0;2;2;3;2
279;n_T275;492.0;533.0;n3300440;n601b;n;0;0;1;0;0;0;0;0;1;0;0;1;0;0;2;1;2;2
280;n_T276;497.0;538.0;n601b;n3300440;n;0;0;1;0;0;0;0;1;0;0;0;0;1;0;1;1;1;1
281;n_T277;502.0;543.0;n3300440;n601b;n;0;0;1;0;0;0;0;0;1;0;0;1;0;0;2;2;1;1
282;n_T278;507.0;548.0;n601b;n3300440;n;0;0;1;0;0;0;0;1;0;0;0;0;1;0;2;2;3;2
283;n_T279;512.0;553.0;n3300440;n601b;n;0;0;1;0;0;0;0;0;1;0;0;1;0;0;3;2;3;3
284;n_T280;517.0;558.0;n601b;n3300440;n;0;0;1;0;0;0;0;1;0;0;0;0;1;0;1;1;2;1
285;n_T281;522.0;563.0;n3300440;n601b;n;0;0;1;0;0;0;0;0;1;0;0;1;0;0;3;2;1;1
286;n_T282;527.0;568.0;n601b;n3300440;n;0;0;1;0;0;0;0;1;0;0;0;0;1;0;2;2;2;2
287;n_T283;532.0;573.0;n3300440;n601b;n;0;0;1;0;0;0;0;0;1;0;0;1;0;0;0;0;1;1
288;n_T284;537.0;578.0;n601b;n3300440;n;0;0;1;0;0;0;0;1;0;0;0;0;1;0;1;1;3;2
289;n_T285;545.0;586.0;n3300440;n601b;n;0;0;1;0;0;0;0;0;1;0;0;1;0;0;1;1;1;1
290;n_T286;553.0;594.0;n601b;n3300440;n;0;0;1;0;0;0;0;1;0;0;0;0;1;0;0;0;0;0
291;n_T287;561.0;602.0;n3300440;n601b;n;0;0;1;0;0;0;0;0;1;0;0;1;0;0;0;0;1;1
292;n_T288;569.0;610.0;n601b;n3300440;n;0;0;1;0;0;0;0;1;0;0;0;0;1;0;0;0;0;0
293;n_T289;577.0;618.0;n3300440;n601b;n;0;0;1;0;0;0;0;0;1;0;0;1;0;0;1;1;1;1
294;n_T290;585.0;626.0;n601b;n3300440;n;0;0;1;0;0;0;0;1;0;0;0;0;1;0;1;1;2;2
295;n_T291;593.0;634.0;n3300440;n601b;n;0;0;1;0;0;0;0;0;1;0;0;1;0;0;1;1;1;1
296;n_T292;613.0;654.0;n601b;n3300440;n;0;0;1;0;0;0;0;1;0;0;0;0;1;0;0;0;1;1
297;n_T293;633.0;674.0;n3300440;n601b;n;0;0;1;0;0;0;0;0;1;0;0;1;0;0;1;1;1;1
298;n_T294;653.0;694.0;n601b;n3300440;n;0;0;1;0;0;0;0;1;0;0;0;0;1;0;1;1;2;2
299;n_T295;663.0;704.0;n3300440;n601b;n;0;0;1;0;0;0;0;0;1;0;0;1;0;0;1;1;2;2
300;n_T296;673.0;714.0;n601b;n3300440;n;0;0;1;0;0;0;0;1;0;0;0;0;1;0;1;1;2;2
301;n_T297;683.0;724.0;n3300440;n601b;n;0;0;1;0;0;0;0;0;1;0;0;1;0;0;2;2;2;2
302;n_T298;693.0;734.0;n601b;n3300440;n;0;0;1;0;0;0;0;1;0;0;0;0;1;0;2;2;2;2
303;n_T299;703.0;744.0;n3300440;n601b;n;0;0;1;0;0;0;0;0;1;0;0;1;0;0;2;2;1;1
304;n_T300;713.0;754.0;n601b;n3300440;n;0;0;1;0;0;0;0;1;0;0;0;0;1;0;2;2;1;1
305;n_T301;721.0;762.0;n3300440;n601b;n;0;0;1;0;0;0;0;0;1;0;0;1;0;0;2;2;1;1
306;n_T302;729.0;770.0;n601b;n3300440;n;0;0;1;0;0;0;0;1;0;0;0;0;1;0;2;2;2;2
307;n_T303;737.0;778.0;n3300440;n601b;n;0;0;1;0;0;0;0;0;1;0;0;1;0;0;2;2;2;2
308;n_T304;745.0;786.0;n601b;n3300440;n;0;0;1;0;0;0;0;1;0;0;0;0;1;0;0;0;1;1
309;n_T305;753.0;794.0;n3300440;n601b;n;0;0;1;0;0;0;0;0;1;0;0;1;0;0;0;0;1;1
310;n_T306;761.0;802.0;n601b;n3300440;n;0;0;1;0;0;0;0;1;0;0;0;0;1;0;0;0;1;1
311;n_T307;769.0;810.0;n3300440;n601b;n;0;0;1;0;0;0;0;0;1;0;0;1;0;0;0;0;0;0
312;n_T308;777.0;818.0;n601b;n3300440;n;0;0;1;0;0;0;0;1;0;0;0;0;1;0;0;0;0;0
313;n_T309;787.0;828.0;n3300440;n601b;n;0;0;1;0;0;0;0;0;1;0;0;1;0;0;1;1;1;1
314;n_T310;797.0;838.0;n601b;n3300440;n;0;0;1;0;0;0;0;1;0;0;0;0;1;0;1;1;1;1
315;n_T311;807.0;848.0;n3300440;n601b;n;0;0;1;0;0;0;0;0;1;0;0;1;0;0;0;0;0;0
316;n_T312;817.0;858.0;n601b;n3300440;n;0;0;1;0;0;0;0;1;0;0;0;0;1;0;1;1;1;1
317;n_T313;827.0;868.0;n3300440;n601b;n;0;0;1;0;0;0;0;0;1;0;0;1;0;0;1;1;2;2
318;n_T314;837.0;878.0;n601b;n3300440;n;0;0;1;0;0;0;0;1;0;0;0;0;1;0;0;0;1;1
319;n_T315;845.0;886.0;n3300440;n601b;n;0;0;1;0;0;0;0;0;1;0;0;1;0;0;2;2;2;2
320;n_T316;853.0;894.0;n601b;n3300440;n;0;0;1;0;0;0;0;1;0;0;0;0;1;0;2;2;2;2
321;n_T317;861.0;902.0;n3300440;n601b;n;0;0;1;0;0;0;0;0;1;0;0;1;0;0;2;2;1;1
322;n_T318;869.0;910.0;n601b;n3300440;n;0;0;1;0;0;0;0;1;0;0;0;0;1;0;2;2;2;2
323;n_T319;877.0;918.0;n3300440;n601b;n;0;0;1;0;0;0;0;0;1;0;0;1;0;0;2;2;2;2
324;n_T320;885.0;926.0;n601b;n3300440;n;0;0;1;0;0;0;0;1;0;0;0;0;1;0;0;0;1;1
325;n_T321;893.0;934.0;n3300440;n601b;n;0;0;1;0;0;0;0;0;1;0;0;1;0;0;2;1;1;1
326;n_T322;900.0;941.0;n601b;n3300440;n;0;0;1;0;0;0;0;1;0;0;0;0;1;0;2;2;1;1
327;n_T323;904.0;945.0;n3300440;n601b;n;0;0;1;0;0;0;0;0;1;0;0;1;0;0;3;3;2;2
328;n_T324;908.0;949.0;n601b;n3300440;n;0;0;1;0;0;0;0;1;0;0;0;0;1;0;2;2;2;2
329;n_T325;912.0;953.0;n3300440;n601b;n;0;0;1;0;0;0;0;0;1;0;0;1;0;0;2;2;2;2
330;n_T326;916.0;957.0;n601b;n3300440;n;0;0;1;0;0;0;0;1;0;0;0;0;1;0;3;3;4;3
331;n_T327;920.0;961.0;n3300440;n601b;n;0;0;1;0;0;0;0;0;1;0;0;1;0;0;2;2;2;2
332;n_T328;924.0;965.0;n601b;n3300440;n;0;0;1;0;0;0;0;1;0;0;0;0;1;0;2;2;3;2
333;n_T329;928.0;969.0;n3300440;n601b;n;0;0;1;0;0;0;0;0;1;0;0;1;0;0;3;3;3;3
334;n_T330;932.0;973.0;n601b;n3300440;n;0;0;1;0;0;0;0;1;0;0;0;0;1;0;2;2;2;2
335;n_T331;936.0;977.0;n3300440;n601b;n;0;0;1;0;0;0;0;0;1;0;0;1;0;0;3;2;2;2
336;n_T332;940.0;981.0;n601b;n3300440;n;0;0;1;0;0;0;0;1;0;0;0;0;1;0;3;3;3;3
337;n_T333;944.0;985.0;n3300440;n601b;n;0;0;1;0;0;0;0;0;1;0;0;1;0;0;2;2;2;2
338;n_T334;948.0;989.0;n601b;n3300440;n;0;0;1;0;0;0;0;1;0;0;0;0;1;0;3;3;3;3
339;n_T335;952.0;993.0;n3300440;n601b;n;0;0;1;0;0;0;0;0;1;0;0;1;0;0;2;2;2;2
340;n_T336;956.0;997.0;n601b;n3300440;n;0;0;1;0;0;0;0;1;0;0;0;0;1;0;2;2;2;1
341;n_T337;961.0;1002.0;n3300440;n601b;n;0;0;1;0;0;0;0;0;1;0;0;1;0;0;2;2;2;2
342;n_T338;966.0;1007.0;n601b;n3300440;n;0;0;1;0;0;0;0;1;0;0;0;0;1;0;2;2;3;3
343;n_T339;971.0;1012.0;n3300440;n601b;n;0;0;1;0;0;0;0;0;1;0;0;1;0;0;3;2;2;2
344;n_T340;976.0;1017.0;n601b;n3300440;n;0;0;1;0;0;0;0;1;0;0;0;0;1;0;3;3;3;3
345;n_T341;981.0;1022.0;n3300440;n601b;n;0;0;1;0;0;0;0;0;1;0;0;1;0;0;1;1;2;2
346;n_T342;986.0;1027.0;n601b;n3300440;n;0;0;1;0;0;0;0;1;0;0;0;0;1;0;1;1;1;1
347;n_T343;991.0;1032.0;n3300440;n601b;n;0;0;1;0;0;0;0;0;1;0;0;1;0;0;3;3;2;2
348;n_T344;996.0;1037.0;n601b;n3300440;n;0;0;1;0;0;0;0;1;0;0;0;0;1;0;2;2;4;3
349;n_T345;1001.0;1042.0;n3300440;n601b;n;0;0;1;0;0;0;0;0;1;0;0;1;0;0;2;2;2;2
350;n_T346;1006.0;1047.0;n601b;n3300440;n;0;0;1;0;0;0;0;1;0;0;0;0;1;0;3;3;2;2
351;n_T347;1011.0;1052.0;n3300440;n601b;n;0;0;1;0;0;0;0;0;1;0;0;1;0;0;2;1;2;2
352;n_T348;1016.0;1057.0;n601b;n3300440;n;0;0;1;0;0;0;0;1;0;0;0;0;1;0;1;1;3;3
353;n_T349;1026.0;1067.0;n3300440;n601b;n;0;0;1;0;0;0;0;0;1;0;0;1;0;0;1;1;2;2
354;n_T350;1036.0;1077.0;n601b;n3300440;n;0;0;1;0;0;0;0;1;0;0;0;0;1;0;1;1;3;2
355;n_T351;1046.0;1087.0;n3300440;n601b;n;0;0;1;0;0;0;0;0;1;0;0;1;0;0;1;1;2;2
356;n_T352;1056.0;1097.0;n601b;n3300440;n;0;0;1;0;0;0;0;1;0;0;0;0;1;0;1;1;2;2
357;n_T353;1066.0;1107.0;n3300440;n601b;n;0;0;1;0;0;0;0;0;1;0;0;1;0;0;1;1;1;1
358;n_T354;1076.0;1117.0;n601b;n3300440;n;0;0;1;0;0;0;0;1;0;0;0;0;1;0;1;1;2;1
359;n_T355;1084.0;1125.0;n3300440;n601b;n;0;0;1;0;0;0;0;0;1;0;0;1;0;0;1;0;0;0
360;n_T356;1092.0;1133.0;n601b;n3300440;n;0;0;1;0;0;0;0;1;0;0;0;0;1;0;1;1;0;0
361;n_T357;1100.0;1141.0;n3300440;n601b;n;0;0;1;0;0;0;0;0;1;0;0;1;0;0;1;1;1;1
362;n_T358;1108.0;1149.0;n601b;n3300440;n;0;0;1;0;0;0;0;1;0;0;0;0;1;0;1;1;3;2
363;n_T359;1116.0;1157.0;n3300440;n601b;n;0;0;1;0;0;0;0;0;1;0;0;1;0;0;2;1;1;1
364;n_T360;1124.0;1165.0;n601b;n3300440;n;0;0;1;0;0;0;0;1;0;0;0;0;1;0;1;1;1;1
365;n_T361;1132.0;1173.0;n3300440;n601b;n;0;0;1;0;0;0;0;0;1;0;0;1;0;0;2;2;1;1
366;n_T362;1145.0;1186.0;n601b;n3300440;n;0;0;1;0;0;0;0;1;0;0;0;0;1;0;0;0;1;1
367;n_T363;1158.0;1199.0;n3300440;n601b;n;0;0;1;0;0;0;0;0;1;0;0;1;0;0;1;1;0;0
368;n_T364;1171.0;1212.0;n601b;n3300440;n;0;0;1;0;0;0;0;1;0;0;0;0;1;0;1;1;2;2
369;n_T365;1184.0;1225.0;n3300440;n601b;n;0;0;1;0;0;0;0;0;1;0;0;1;0;0;1;1;1;1
370;n_T366;1197.0;1238.0;n601b;n3300440;n;0;0;1;0;0;0;0;1;0;0;0;0;1;0;1;1;0;0
371;n_T367;1205.0;1246.0;n3300440;n601b;n;0;0;1;0;0;0;0;0;1;0;0;1;0;0;1;1;1;1
372;n_T368;1213.0;1254.0;n601b;n3300440;n;0;0;1;0;0;0;0;1;0;0;0;0;1;0;0;0;1;1
373;n_T369;1221.0;1262.0;n3300440;n601b;n;0;0;1;0;0;0;0;0;1;0;0;1;0;0;0;0;1;1
374;n_T370;1229.0;1270.0;n601b;n3300440;n;0;0;1;0;0;0;0;1;0;0;0;0;1;0;0;0;0;0
375;n_T371;1237.0;1278.0;n3300440;n601b;n;0;0;1;0;0;0;0;0;1;0;0;1;0;0;1;1;0;0
376;n_T372;1245.0;1286.0;n601b;n3300440;n;0;0;1;0;0;0;0;1;0;0;0;0;1;0;1;1;0;0
377;n_T373;1253.0;1294.0;n3300440;n601b;n;0;0;1;0;0;0;0;0;1;0;0;1;0;0;1;1;1;1
378;n_T374;1273.0;1314.0;n601b;n3300440;n;0;0;1;0;0;0;0;1;0;0;0;0;1;0;1;1;0;0
379;n_T375;1293.0;1334.0;n3300440;n601b;n;0;0;1;0;0;0;0;0;1;0;0;1;0;0;1;1;1;1
380;n_T376;1313.0;1354.0;n601b;n3300440;n;0;0;1;0;0;0;0;1;0;0;0;0;1;0;1;1;0;0
381;n_T377;1321.0;1362.0;n3300440;n601b;n;0;0;1;0;0;0;0;0;1;0;0;1;0;0;0;0;1;1
382;n_T378;1329.0;1370.0;n601b;n3300440;n;0;0;1;0;0;0;0;1;0;0;0;0;1;0;1;1;1;1
383;n_T379;1337.0;1378.0;n3300440;n601b;n;0;0;1;0;0;0;0;0;1;0;0;1;0;0;0;0;0;0
384;n_T380;1345.0;1386.0;n601b;n3300440;n;0;0;1;0;0;0;0;1;0;0;0;0;1;0;1;1;1;1
385;n_T381;1353.0;1394.0;n3300440;n601b;n;0;0;1;0;0;0;0;0;1;0;0;1;0;0;1;1;1;1
386;n_T382;1361.0;1402.0;n601b;n3300440;n;0;0;1;0;0;0;0;1;0;0;0;0;1;0;0;0;0;0
387;n_T383;1369.0;1410.0;n3300440;n601b;n;0;0;1;0;0;0;0;0;1;0;0;1;0;0;1;1;0;0
388;n_T384;1377.0;1418.0;n601b;n3300440;n;0;0;1;0;0;0;0;1;0;0;0;0;1;0;0;0;0;0
389;n_T385;363.0;399.0;n3300440;n3400167;n;0;0;1;0;0;0;0;0;1;0;0;0;0;1;3;0;0;0
390;n_T386;369.0;405.0;n3400167;n3300440;n;0;0;1;0;0;0;0;0;0;1;0;0;1;0;0;0;3;0
391;n_T387;375.0;411.0;n3300440;n3400167;n;0;0;1;0;0;0;0;0;1;0;0;0;0;1;4;0;0;0
392;n_T388;381.0;417.0;n3400167;n3300440;n;0;0;1;0;0;0;0;0;0;1;0;0;1;0;0;0;3;0
393;n_T389;387.0;423.0;n3300440;n3400167;n;0;0;1;0;0;0;0;0;1;0;0;0;0;1;2;0;0;0
394;n_T390;393.0;429.0;n3400167;n3300440;n;0;0;1;0;0;0;0;0;0;1;0;0;1;0;0;0;3;0
395;n_T391;399.0;435.0;n3300440;n3400167;n;0;0;1;0;0;0;0;0;1;0;0;0;0;1;4;0;0;0
396;n_T392;405.0;441.0;n3400167;n3300440;n;0;0;1;0;0;0;0;0;0;1;0;0;1;0;0;0;3;0
397;n_T393;411.0;447.0;n3300440;n3400167;n;0;0;1;0;0;0;0;0;1;0;0;0;0;1;3;0;0;0
398;n_T394;417.0;453.0;n3400167;n3300440;n;0;0;1;0;0;0;0;0;0;1;0;0;1;0;0;0;4;0
399;n_T395;424.0;460.0;n3300440;n3400167;n;0;0;1;0;0;0;0;0;1;0;0;0;0;1;3;0;0;0
400;n_T396;431.0;467.0;n3400167;n3300440;n;0;0;1;0;0;0;0;0;0;1;0;0;1;0;0;0;2;0
401;n_T397;438.0;474.0;n3300440;n3400167;n;0;0;1;0;0;0;0;0;1;0;0;0;0;1;4;0;0;0
402;n_T398;445.0;481.0;n3400167;n3300440;n;0;0;1;0;0;0;0;0;0;1;0;0;1;0;0;0;1;0
403;n_T399;452.0;488.0;n3300440;n3400167;n;0;0;1;0;0;0;0;0;1;0;0;0;0;1;3;0;0;0
404;n_T400;459.0;495.0;n3400167;n3300440;n;0;0;1;0;0;0;0;0;0;1;0;0;1;0;0;0;3;0
405;n_T401;466.0;502.0;n3300440;n3400167;n;0;0;1;0;0;0;0;0;1;0;0;0;0;1;3;0;0;0
406;n_T402;473.0;509.0;n3400167;n3300440;n;0;0;1;0;0;0;0;0;0;1;0;0;1;0;0;0;2;0
407;n_T403;481.0;517.0;n3300440;n3400167;n;0;0;1;0;0;0;0;0;1;0;0;0;0;1;2;0;0;0
408;n_T404;489.0;525.0;n3400167;n3300440;n;0;0;1;0;0;0;0;0;0;1;0;0;1;0;0;0;2;0
409;n_T405;497.0;533.0;n3300440;n3400167;n;0;0;1;0;0;0;0;0;1;0;0;0;0;1;2;0;0;0
410;n_T406;505.0;541.0;n3400167;n3300440;n;0;0;1;0;0;0;0;0;0;1;0;0;1;0;0;0;2;0
411;n_T407;513.0;549.0;n3300440;n3400167;n;0;0;1;0;0;0;0;0;1;0;0;0;0;1;2;0;0;0
412;n_T408;521.0;557.0;n3400167;n3300440;n;0;0;1;0;0;0;0;0;0;1;0;0;1;0;0;0;1;0
413;n_T409;529.0;565.0;n3300440;n3400167;n;0;0;1;0;0;0;0;0;1;0;0;0;0;1;1;0;0;0
414;n_T410;537.0;573.0;n3400167;n3300440;n;0;0;1;0;0;0;0;0;0;1;0;0;1;0;0;0;2;0
415;n_T411;900.0;936.0;n3300440;n3400167;n;0;0;1;0;0;0;0;0;1;0;0;0;0;1;3;0;0;0
416;n_T412;920.0;956.0;n3400167;n3300440;n;0;0;1;0;0;0;0;0;0;1;0;0;1;0;0;0;2;0
417;n_T413;940.0;976.0;n3300440;n3400167;n;0;0;1;0;0;0;0;0;1;0;0;0;0;1;2;0;0;0
418;n_T414;960.0;996.0;n3400167;n3300440;n;0;0;1;0;0;0;0;0;0;1;0;0;1;0;0;0;1;0
419;n_T415;980.0;1016.0;n3300440;n3400167;n;0;0;1;0;0;0;0;0;1;0;0;0;0;1;1;0;0;0
420;n_T416;1000.0;1036.0;n3400167;n3300440;n;0;0;1;0;0;0;0;0;0;1;0;0;1;0;0;0;3;0
421;n_T417;1020.0;1056.0;n3300440;n3400167;n;0;0;1;0;0;0;0;0;1;0;0;0;0;1;3;0;0;0
422;n_T418;1040.0;1076.0;n3400167;n3300440;n;0;0;1;0;0;0;0;0;0;1;0;0;1;0;0;0;2;0
423;n_T419;1060.0;1096.0;n3300440;n3400167;n;0;0;1;0;0;0;0;0;1;0;0;0;0;1;3;0;0;0
424;n_T420;1080.0;1116.0;n3400167;n3300440;n;0;0;1;0;0;0;0;0;0;1;0;0;1;0;0;0;1;0
425;n_T421;1093.0;1129.0;n3300440;n3400167;n;0;0;1;0;0;0;0;0;1;0;0;0;0;1;2;0;0;0
426;n_T422;1106.0;1142.0;n3400167;n3300440;n;0;0;1;0;0;0;0;0;0;1;0;0;1;0;0;0;2;0
427;n_T423;1119.0;1155.0;n3300440;n3400167;n;0;0;1;0;0;0;0;0;1;0;0;0;0;1;1;0;0;0
428;n_T424;1132.0;1168.0;n3400167;n3300440;n;0;0;1;0;0;0;0;0;0;1;0;0;1;0;0;0;3;0
429;w_H0_P0;270.0;270.0;n3300440;n3300440;w;0;0;0;1;0;0;0;0;1;0;0;0;1;0;0;0;0;0
430;c_H0_P0;270.0;270.0;n3300440;n3300440;c;0;0;0;0;1;0;0;0;1;0;0;0;1;0;0;0;0;0
431;w_H0_P1;285.0;285.0;n3300440;n3300440;w;0;0;0;1;0;0;0;0;1;0;0;0;1;0;0;0;0;0
432;c_H0_P1;285.0;285.0;n3300440;n3300440;c;0;0;0;0;1;0;0;0;1;0;0;0;1;0;0;0;0;0
433;w_H0_P2;300.0;300.0;n3300440;n3300440;w;0;0;0;1;0;0;0;0;1;0;0;0;1;0;0;0;0;0
434;c_H0_P2;300.0;300.0;n3300440;n3300440;c;0;0;0;0;1;0;0;0;1;0;0;0;1;0;0;0;0;0
435;w_H0_P3;315.0;315.0;n3300440;n3300440;w;0;0;0;1;0;0;0;0;1;0;0;0;1;0;0;0;0;0
436;c_H0_P3;315.0;315.0;n3300440;n3300440;c;0;0;0;0;1;0;0;0;1;0;0;0;1;0;0;0;0;0
437;w_H0_P4;330.0;330.0;n3300440;n3300440;w;0;0;0;1;0;0;0;0;1;0;0;0;1;0;0;0;0;0
438;c_H0_P4;330.0;330.0;n3300440;n3300440;c;0;0;0;0;1;0;0;0;1;0;0;0;1;0;0;0;0;0
439;w_H0_P5;345.0;345.0;n3300440;n3300440;w;0;0;0;1;0;0;0;0;1;0;0;0;1;0;0;0;0;0
440;c_H0_P5;345.0;345.0;n3300440;n3300440;c;0;0;0;0;1;0;0;0;1;0;0;0;1;0;0;0;0;0
441;w_H0_P6;360.0;360.0;n3300440;n3300440;w;0;0;0;1;0;0;0;0;1;0;0;0;1;0;0;0;0;0
442;c_H0_P6;360.0;360.0;n3300440;n3300440;c;0;0;0;0;1;0;0;0;1;0;0;0;1;0;0;0;0;0
443;w_H0_P7;375.0;375.0;n3300440;n3300440;w;0;0;0;1;0;0;0;0;1;0;0;0;1;0;0;0;0;0
444;c_H0_P7;375.0;375.0;n3300440;n3300440;c;0;0;0;0;1;0;0;0;1;0;0;0;1;0;0;0;0;0
445;w_H0_P8;390.0;390.0;n3300440;n3300440;w;0;0;0;1;0;0;0;0;1;0;0;0;1;0;0;0;0;0
446;c_H0_P8;390.0;390.0;n3300440;n3300440;c;0;0;0;0;1;0;0;0;1;0;0;0;1;0;0;0;0;0
447;w_H0_P9;405.0;405.0;n3300440;n3300440;w;0;0;0;1;0;0;0;0;1;0;0;0;1;0;0;0;0;0
448;c_H0_P9;405.0;405.0;n3300440;n3300440;c;0;0;0;0;1;0;0;0;1;0;0;0;1;0;0;0;0;0
449;w_H0_P10;420.0;420.0;n3300440;n3300440;w;0;0;0;1;0;0;0;0;1;0;0;0;1;0;0;0;0;0
450;c_H0_P10;420.0;420.0;n3300440;n3300440;c;0;0;0;0;1;0;0;0;1;0;0;0;1;0;0;0;0;0
451;w_H0_P11;435.0;435.0;n3300440;n3300440;w;0;0;0;1;0;0;0;0;1;0;0;0;1;0;0;0;0;0
452;c_H0_P11;435.0;435.0;n3300440;n3300440;c;0;0;0;0;1;0;0;0;1;0;0;0;1;0;0;0;0;0
453;w_H0_P12;450.0;450.0;n3300440;n3300440;w;0;0;0;1;0;0;0;0;1;0;0;0;1;0;0;0;0;0
454;c_H0_P12;450.0;450.0;n3300440;n3300440;c;0;0;0;0;1;0;0;0;1;0;0;0;1;0;0;0;0;0
455;w_H0_P13;465.0;465.0;n3300440;n3300440;w;0;0;0;1;0;0;0;0;1;0;0;0;1;0;0;0;0;0
456;c_H0_P13;465.0;465.0;n3300440;n3300440;c;0;0;0;0;1;0;0;0;1;0;0;0;1;0;0;0;0;0
457;w_H0_P14;480.0;480.0;n3300440;n3300440;w;0;0;0;1;0;0;0;0;1;0;0;0;1;0;0;0;0;0
458;c_H0_P14;480.0;480.0;n3300440;n3300440;c;0;0;0;0;1;0;0;0;1;0;0;0;1;0;0;0;0;0
459;w_H0_P15;495.0;495.0;n3300440;n3300440;w;0;0;0;1;0;0;0;0;1;0;0;0;1;0;0;0;0;0
460;c_H0_P15;495.0;495.0;n3300440;n3300440;c;0;0;0;0;1;0;0;0;1;0;0;0;1;0;0;0;0;0
461;w_H0_P16;510.0;510.0;n3300440;n3300440;w;0;0;0;1;0;0;0;0;1;0;0;0;1;0;0;0;0;0
462;c_H0_P16;510.0;510.0;n3300440;n3300440;c;0;0;0;0;1;0;0;0;1;0;0;0;1;0;0;0;0;0
463;w_H0_P17;525.0;525.0;n3300440;n3300440;w;0;0;0;1;0;0;0;0;1;0;0;0;1;0;0;0;0;0
464;c_H0_P17;525.0;525.0;n3300440;n3300440;c;0;0;0;0;1;0;0;0;1;0;0;0;1;0;0;0;0;0
465;w_H0_P18;540.0;540.0;n3300440;n3300440;w;0;0;0;1;0;0;0;0;1;0;0;0;1;0;0;0;0;0
466;c_H0_P18;540.0;540.0;n3300440;n3300440;c;0;0;0;0;1;0;0;0;1;0;0;0;1;0;0;0;0;0
467;w_H0_P19;555.0;555.0;n3300440;n3300440;w;0;0;0;1;0;0;0;0;1;0;0;0;1;0;0;0;0;0
468;c_H0_P19;555.0;555.0;n3300440;n3300440;c;0;0;0;0;1;0;0;0;1;0;0;0;1;0;0;0;0;0
469;w_H0_P20;570.0;570.0;n3300440;n3300440;w;0;0;0;1;0;0;0;0;1;0;0;0;1;0;0;0;0;0
470;c_H0_P20;570.0;570.0;n3300440;n3300440;c;0;0;0;0;1;0;0;0;1;0;0;0;1;0;0;0;0;0
471;w_H0_P21;585.0;585.0;n3300440;n3300440;w;0;0;0;1;0;0;0;0;1;0;0;0;1;0;0;0;0;0
472;c_H0_P21;585.0;585.0;n3300440;n3300440;c;0;0;0;0;1;0;0;0;1;0;0;0;1;0;0;0;0;0
473;w_H0_P22;600.0;600.0;n3300440;n3300440;w;0;0;0;1;0;0;0;0;1;0;0;0;1;0;0;0;0;0
474;c_H0_P22;600.0;600.0;n3300440;n3300440;c;0;0;0;0;1;0;0;0;1;0;0;0;1;0;0;0;0;0
475;w_H0_P23;615.0;615.0;n3300440;n3300440;w;0;0;0;1;0;0;0;0;1;0;0;0;1;0;0;0;0;0
476;c_H0_P23;615.0;615.0;n3300440;n3300440;c;0;0;0;0;1;0;0;0;1;0;0;0;1;0;0;0;0;0
477;w_H0_P24;630.0;630.0;n3300440;n3300440;w;0;0;0;1;0;0;0;0;1;0;0;0;1;0;0;0;0;0
478;c_H0_P24;630.0;630.0;n3300440;n3300440;c;0;0;0;0;1;0;0;0;1;0;0;0;1;0;0;0;0;0
479;w_H0_P25;645.0;645.0;n3300440;n3300440;w;0;0;0;1;0;0;0;0;1;0;0;0;1;0;0;0;0;0
480;c_H0_P25;645.0;645.0;n3300440;n3300440;c;0;0;0;0;1;0;0;0;1;0;0;0;1;0;0;0;0;0
481;w_H0_P26;660.0;660.0;n3300440;n3300440;w;0;0;0;1;0;0;0;0;1;0;0;0;1;0;0;0;0;0
482;c_H0_P26;660.0;660.0;n3300440;n3300440;c;0;0;0;0;1;0;0;0;1;0;0;0;1;0;0;0;0;0
483;w_H0_P27;675.0;675.0;n3300440;n3300440;w;0;0;0;1;0;0;0;0;1;0;0;0;1;0;0;0;0;0
484;c_H0_P27;675.0;675.0;n3300440;n3300440;c;0;0;0;0;1;0;0;0;1;0;0;0;1;0;0;0;0;0
485;w_H0_P28;690.0;690.0;n3300440;n3300440;w;0;0;0;1;0;0;0;0;1;0;0;0;1;0;0;0;0;0
486;c_H0_P28;690.0;690.0;n3300440;n3300440;c;0;0;0;0;1;0;0;0;1;0;0;0;1;0;0;0;0;0
487;w_H0_P29;705.0;705.0;n3300440;n3300440;w;0;0;0;1;0;0;0;0;1;0;0;0;1;0;0;0;0;0
488;c_H0_P29;705.0;705.0;n3300440;n3300440;c;0;0;0;0;1;0;0;0;1;0;0;0;1;0;0;0;0;0
489;w_H0_P30;720.0;720.0;n3300440;n3300440;w;0;0;0;1;0;0;0;0;1;0;0;0;1;0;0;0;0;0
490;c_H0_P30;720.0;720.0;n3300440;n3300440;c;0;0;0;0;1;0;0;0;1;0;0;0;1;0;0;0;0;0
491;w_H0_P31;735.0;735.0;n3300440;n3300440;w;0;0;0;1;0;0;0;0;1;0;0;0;1;0;0;0;0;0
492;c_H0_P31;735.0;735.0;n3300440;n3300440;c;0;0;0;0;1;0;0;0;1;0;0;0;1;0;0;0;0;0
493;w_H0_P32;750.0;750.0;n3300440;n3300440;w;0;0;0;1;0;0;0;0;1;0;0;0;1;0;0;0;0;0
494;c_H0_P32;750.0;750.0;n3300440;n3300440;c;0;0;0;0;1;0;0;0;1;0;0;0;1;0;0;0;0;0
495;w_H0_P33;765.0;765.0;n3300440;n3300440;w;0;0;0;1;0;0;0;0;1;0;0;0;1;0;0;0;0;0
496;c_H0_P33;765.0;765.0;n3300440;n3300440;c;0;0;0;0;1;0;0;0;1;0;0;0;1;0;0;0;0;0
497;w_H0_P34;780.0;780.0;n3300440;n3300440;w;0;0;0;1;0;0;0;0;1;0;0;0;1;0;0;0;0;0
498;c_H0_P34;780.0;780.0;n3300440;n3300440;c;0;0;0;0;1;0;0;0;1;0;0;0;1;0;0;0;0;0
499;w_H0_P35;795.0;795.0;n3300440;n3300440;w;0;0;0;1;0;0;0;0;1;0;0;0;1;0;0;0;0;0
500;c_H0_P35;795.0;795.0;n3300440;n3300440;c;0;0;0;0;1;0;0;0;1;0;0;0;1;0;0;0;0;0
501;w_H0_P36;810.0;810.0;n3300440;n3300440;w;0;0;0;1;0;0;0;0;1;0;0;0;1;0;0;0;0;0
502;c_H0_P36;810.0;810.0;n3300440;n3300440;c;0;0;0;0;1;0;0;0;1;0;0;0;1;0;0;0;0;0
503;w_H0_P37;825.0;825.0;n3300440;n3300440;w;0;0;0;1;0;0;0;0;1;0;0;0;1;0;0;0;0;0
504;c_H0_P37;825.0;825.0;n3300440;n3300440;c;0;0;0;0;1;0;0;0;1;0;0;0;1;0;0;0;0;0
505;w_H0_P38;840.0;840.0;n3300440;n3300440;w;0;0;0;1;0;0;0;0;1;0;0;0;1;0;0;0;0;0
506;c_H0_P38;840.0;840.0;n3300440;n3300440;c;0;0;0;0;1;0;0;0;1;0;0;0;1;0;0;0;0;0
507;w_H0_P39;855.0;855.0;n3300440;n3300440;w;0;0;0;1;0;0;0;0;1;0;0;0;1;0;0;0;0;0
508;c_H0_P39;855.0;855.0;n3300440;n3300440;c;0;0;0;0;1;0;0;0;1;0;0;0;1;0;0;0;0;0
509;w_H0_P40;870.0;870.0;n3300440;n3300440;w;0;0;0;1;0;0;0;0;1;0;0;0;1;0;0;0;0;0
510;c_H0_P40;870.0;870.0;n3300440;n3300440;c;0;0;0;0;1;0;0;0;1;0;0;0;1;0;0;0;0;0
511;w_H0_P41;885.0;885.0;n3300440;n3300440;w;0;0;0;1;0;0;0;0;1;0;0;0;1;0;0;0;0;0
512;c_H0_P41;885.0;885.0;n3300440;n3300440;c;0;0;0;0;1;0;0;0;1;0;0;0;1;0;0;0;0;0
513;w_H0_P42;900.0;900.0;n3300440;n3300440;w;0;0;0;1;0;0;0;0;1;0;0;0;1;0;0;0;0;0
514;c_H0_P42;900.0;900.0;n3300440;n3300440;c;0;0;0;0;1;0;0;0;1;0;0;0;1;0;0;0;0;0
515;w_H0_P43;915.0;915.0;n3300440;n3300440;w;0;0;0;1;0;0;0;0;1;0;0;0;1;0;0;0;0;0
516;c_H0_P43;915.0;915.0;n3300440;n3300440;c;0;0;0;0;1;0;0;0;1;0;0;0;1;0;0;0;0;0
517;w_H0_P44;930.0;930.0;n3300440;n3300440;w;0;0;0;1;0;0;0;0;1;0;0;0;1;0;0;0;0;0
518;c_H0_P44;930.0;930.0;n3300440;n3300440;c;0;0;0;0;1;0;0;0;1;0;0;0;1;0;0;0;0;0
519;w_H0_P45;945.0;945.0;n3300440;n3300440;w;0;0;0;1;0;0;0;0;1;0;0;0;1;0;0;0;0;0
520;c_H0_P45;945.0;945.0;n3300440;n3300440;c;0;0;0;0;1;0;0;0;1;0;0;0;1;0;0;0;0;0
521;w_H0_P46;960.0;960.0;n3300440;n3300440;w;0;0;0;1;0;0;0;0;1;0;0;0;1;0;0;0;0;0
522;c_H0_P46;960.0;960.0;n3300440;n3300440;c;0;0;0;0;1;0;0;0;1;0;0;0;1;0;0;0;0;0
523;w_H0_P47;975.0;975.0;n3300440;n3300440;w;0;0;0;1;0;0;0;0;1;0;0;0;1;0;0;0;0;0
524;c_H0_P47;975.0;975.0;n3300440;n3300440;c;0;0;0;0;1;0;0;0;1;0;0;0;1;0;0;0;0;0
525;w_H0_P48;990.0;990.0;n3300440;n3300440;w;0;0;0;1;0;0;0;0;1;0;0;0;1;0;0;0;0;0
526;c_H0_P48;990.0;990.0;n3300440;n3300440;c;0;0;0;0;1;0;0;0;1;0;0;0;1;0;0;0;0;0
527;w_H0_P49;1005.0;1005.0;n3300440;n3300440;w;0;0;0;1;0;0;0;0;1;0;0;0;1;0;0;0;0;0
528;c_H0_P49;1005.0;1005.0;n3300440;n3300440;c;0;0;0;0;1;0;0;0;1;0;0;0;1;0;0;0;0;0
529;w_H0_P50;1020.0;1020.0;n3300440;n3300440;w;0;0;0;1;0;0;0;0;1;0;0;0;1;0;0;0;0;0
530;c_H0_P50;1020.0;1020.0;n3300440;n3300440;c;0;0;0;0;1;0;0;0;1;0;0;0;1;0;0;0;0;0
531;w_H0_P51;1035.0;1035.0;n3300440;n3300440;w;0;0;0;1;0;0;0;0;1;0;0;0;1;0;0;0;0;0
532;c_H0_P51;1035.0;1035.0;n3300440;n3300440;c;0;0;0;0;1;0;0;0;1;0;0;0;1;0;0;0;0;0
533;w_H0_P52;1050.0;1050.0;n3300440;n3300440;w;0;0;0;1;0;0;0;0;1;0;0;0;1;0;0;0;0;0
534;c_H0_P52;1050.0;1050.0;n3300440;n3300440;c;0;0;0;0;1;0;0;0;1;0;0;0;1;0;0;0;0;0
535;w_H0_P53;1065.0;1065.0;n3300440;n3300440;w;0;0;0;1;0;0;0;0;1;0;0;0;1;0;0;0;0;0
536;c_H0_P53;1065.0;1065.0;n3300440;n3300440;c;0;0;0;0;1;0;0;0;1;0;0;0;1;0;0;0;0;0
537;w_H0_P54;1080.0;1080.0;n3300440;n3300440;w;0;0;0;1;0;0;0;0;1;0;0;0;1;0;0;0;0;0
538;c_H0_P54;1080.0;1080.0;n3300440;n3300440;c;0;0;0;0;1;0;0;0;1;0;0;0;1;0;0;0;0;0
539;w_H0_P55;1095.0;1095.0;n3300440;n3300440;w;0;0;0;1;0;0;0;0;1;0;0;0;1;0;0;0;0;0
540;c_H0_P55;1095.0;1095.0;n3300440;n3300440;c;0;0;0;0;1;0;0;0;1;0;0;0;1;0;0;0;0;0
541;w_H0_P56;1110.0;1110.0;n3300440;n3300440;w;0;0;0;1;0;0;0;0;1;0;0;0;1;0;0;0;0;0
542;c_H0_P56;1110.0;1110.0;n3300440;n3300440;c;0;0;0;0;1;0;0;0;1;0;0;0;1;0;0;0;0;0
543;w_H0_P57;1125.0;1125.0;n3300440;n3300440;w;0;0;0;1;0;0;0;0;1;0;0;0;1;0;0;0;0;0
544;c_H0_P57;1125.0;1125.0;n3300440;n3300440;c;0;0;0;0;1;0;0;0;1;0;0;0;1;0;0;0;0;0
545;w_H0_P58;1140.0;1140.0;n3300440;n3300440;w;0;0;0;1;0;0;0;0;1;0;0;0;1;0;0;0;0;0
546;c_H0_P58;1140.0;1140.0;n3300440;n3300440;c;0;0;0;0;1;0;0;0;1;0;0;0;1;0;0;0;0;0
547;w_H0_P59;1155.0;1155.0;n3300440;n3300440;w;0;0;0;1;0;0;0;0;1;0;0;0;1;0;0;0;0;0
548;c_H0_P59;1155.0;1155.0;n3300440;n3300440;c;0;0;0;0;1;0;0;0;1;0;0;0;1;0;0;0;0;0
549;w_H0_P60;1170.0;1170.0;n3300440;n3300440;w;0;0;0;1;0;0;0;0;1;0;0;0;1;0;0;0;0;0
550;c_H0_P60;1170.0;1170.0;n3300440;n3300440;c;0;0;0;0;1;0;0;0;1;0;0;0;1;0;0;0;0;0
551;w_H0_P61;1185.0;1185.0;n3300440;n3300440;w;0;0;0;1;0;0;0;0;1;0;0;0;1;0;0;0;0;0
552;c_H0_P61;1185.0;1185.0;n3300440;n3300440;c;0;0;0;0;1;0;0;0;1;0;0;0;1;0;0;0;0;0
553;w_H0_P62;1200.0;1200.0;n3300440;n3300440;w;0;0;0;1;0;0;0;0;1;0;0;0;1;0;0;0;0;0
554;c_H0_P62;1200.0;1200.0;n3300440;n3300440;c;0;0;0;0;1;0;0;0;1;0;0;0;1;0;0;0;0;0
555;w_H0_P63;1215.0;1215.0;n3300440;n3300440;w;0;0;0;1;0;0;0;0;1;0;0;0;1;0;0;0;0;0
556;c_H0_P63;1215.0;1215.0;n3300440;n3300440;c;0;0;0;0;1;0;0;0;1;0;0;0;1;0;0;0;0;0
557;w_H0_P64;1230.0;1230.0;n3300440;n3300440;w;0;0;0;1;0;0;0;0;1;0;0;0;1;0;0;0;0;0
558;c_H0_P64;1230.0;1230.0;n3300440;n3300440;c;0;0;0;0;1;0;0;0;1;0;0;0;1;0;0;0;0;0
559;w_H0_P65;1245.0;1245.0;n3300440;n3300440;w;0;0;0;1;0;0;0;0;1;0;0;0;1;0;0;0;0;0
560;c_H0_P65;1245.0;1245.0;n3300440;n3300440;c;0;0;0;0;1;0;0;0;1;0;0;0;1;0;0;0;0;0
561;w_H0_P66;1260.0;1260.0;n3300440;n3300440;w;0;0;0;1;0;0;0;0;1;0;0;0;1;0;0;0;0;0
562;c_H0_P66;1260.0;1260.0;n3300440;n3300440;c;0;0;0;0;1;0;0;0;1;0;0;0;1;0;0;0;0;0
563;w_H0_P67;1275.0;1275.0;n3300440;n3300440;w;0;0;0;1;0;0;0;0;1;0;0;0;1;0;0;0;0;0
564;c_H0_P67;1275.0;1275.0;n3300440;n3300440;c;0;0;0;0;1;0;0;0;1;0;0;0;1;0;0;0;0;0
565;w_H0_P68;1290.0;1290.0;n3300440;n3300440;w;0;0;0;1;0;0;0;0;1;0;0;0;1;0;0;0;0;0
566;c_H0_P68;1290.0;1290.0;n3300440;n3300440;c;0;0;0;0;1;0;0;0;1;0;0;0;1;0;0;0;0;0
567;w_H0_P69;1305.0;1305.0;n3300440;n3300440;w;0;0;0;1;0;0;0;0;1;0;0;0;1;0;0;0;0;0
568;c_H0_P69;1305.0;1305.0;n3300440;n3300440;c;0;0;0;0;1;0;0;0;1;0;0;0;1;0;0;0;0;0
569;w_H0_P70;1320.0;1320.0;n3300440;n3300440;w;0;0;0;1;0;0;0;0;1;0;0;0;1;0;0;0;0;0
570;c_H0_P70;1320.0;1320.0;n3300440;n3300440;c;0;0;0;0;1;0;0;0;1;0;0;0;1;0;0;0;0;0
571;w_H0_P71;1335.0;1335.0;n3300440;n3300440;w;0;0;0;1;0;0;0;0;1;0;0;0;1;0;0;0;0;0
572;c_H0_P71;1335.0;1335.0;n3300440;n3300440;c;0;0;0;0;1;0;0;0;1;0;0;0;1;0;0;0;0;0
573;w_H0_P72;1350.0;1350.0;n3300440;n3300440;w;0;0;0;1;0;0;0;0;1;0;0;0;1;0;0;0;0;0
574;c_H0_P72;1350.0;1350.0;n3300440;n3300440;c;0;0;0;0;1;0;0;0;1;0;0;0;1;0;0;0;0;0
575;w_H0_P73;1365.0;1365.0;n3300440;n3300440;w;0;0;0;1;0;0;0;0;1;0;0;0;1;0;0;0;0;0
576;c_H0_P73;1365.0;1365.0;n3300440;n3300440;c;0;0;0;0;1;0;0;0;1;0;0;0;1;0;0;0;0;0
577;w_H0_P74;1380.0;1380.0;n3300440;n3300440;w;0;0;0;1;0;0;0;0;1;0;0;0;1;0;0;0;0;0
578;c_H0_P74;1380.0;1380.0;n3300440;n3300440;c;0;0;0;0;1;0;0;0;1;0;0;0;1;0;0;0;0;0
579;w_H0_P75;1395.0;1395.0;n3300440;n3300440;w;0;0;0;1;0;0;0;0;1;0;0;0;1;0;0;0;0;0
580;c_H0_P75;1395.0;1395.0;n3300440;n3300440;c;0;0;0;0;1;0;0;0;1;0;0;0;1;0;0;0;0;0
581;w_H0_P76;1410.0;1410.0;n3300440;n3300440;w;0;0;0;1;0;0;0;0;1;0;0;0;1;0;0;0;0;0
582;c_H0_P76;1410.0;1410.0;n3300440;n3300440;c;0;0;0;0;1;0;0;0;1;0;0;0;1;0;0;0;0;0
583;w_H0_P77;1425.0;1425.0;n3300440;n3300440;w;0;0;0;1;0;0;0;0;1;0;0;0;1;0;0;0;0;0
584;c_H0_P77;1425.0;1425.0;n3300440;n3300440;c;0;0;0;0;1;0;0;0;1;0;0;0;1;0;0;0;0;0
585;w_H0_P78;1440.0;1440.0;n3300440;n3300440;w;0;0;0;1;0;0;0;0;1;0;0;0;1;0;0;0;0;0
586;c_H0_P78;1440.0;1440.0;n3300440;n3300440;c;0;0;0;0;1;0;0;0;1;0;0;0;1;0;0;0;0;0
587;w_H0_P79;1455.0;1455.0;n3300440;n3300440;w;0;0;0;1;0;0;0;0;1;0;0;0;1;0;0;0;0;0
588;c_H0_P79;1455.0;1455.0;n3300440;n3300440;c;0;0;0;0;1;0;0;0;1;0;0;0;1;0;0;0;0;0
589;w_H0_P80;1470.0;1470.0;n3300440;n3300440;w;0;0;0;1;0;0;0;0;1;0;0;0;1;0;0;0;0;0
590;c_H0_P80;1470.0;1470.0;n3300440;n3300440;c;0;0;0;0;1;0;0;0;1;0;0;0;1;0;0;0;0;0
591;w_H0_P81;1485.0;1485.0;n3300440;n3300440;w;0;0;0;1;0;0;0;0;1;0;0;0;1;0;0;0;0;0
592;c_H0_P81;1485.0;1485.0;n3300440;n3300440;c;0;0;0;0;1;0;0;0;1;0;0;0;1;0;0;0;0;0
593;w_H1_P0;270.0;270.0;n3300440;n3300440;w;0;0;0;1;0;0;0;0;1;0;0;0;1;0;0;0;0;0
594;c_H1_P0;270.0;270.0;n3300440;n3300440;c;0;0;0;0;1;0;0;0;1;0;0;0;1;0;0;0;0;0
595;w_H1_P1;285.0;285.0;n3300440;n3300440;w;0;0;0;1;0;0;0;0;1;0;0;0;1;0;0;0;0;0
596;c_H1_P1;285.0;285.0;n3300440;n3300440;c;0;0;0;0;1;0;0;0;1;0;0;0;1;0;0;0;0;0
597;w_H1_P2;300.0;300.0;n3300440;n3300440;w;0;0;0;1;0;0;0;0;1;0;0;0;1;0;0;0;0;0
598;c_H1_P2;300.0;300.0;n3300440;n3300440;c;0;0;0;0;1;0;0;0;1;0;0;0;1;0;0;0;0;0
599;w_H1_P3;315.0;315.0;n3300440;n3300440;w;0;0;0;1;0;0;0;0;1;0;0;0;1;0;0;0;0;0
600;c_H1_P3;315.0;315.0;n3300440;n3300440;c;0;0;0;0;1;0;0;0;1;0;0;0;1;0;0;0;0;0
601;w_H1_P4;330.0;330.0;n3300440;n3300440;w;0;0;0;1;0;0;0;0;1;0;0;0;1;0;0;0;0;0
602;c_H1_P4;330.0;330.0;n3300440;n3300440;c;0;0;0;0;1;0;0;0;1;0;0;0;1;0;0;0;0;0
603;w_H1_P5;345.0;345.0;n3300440;n3300440;w;0;0;0;1;0;0;0;0;1;0;0;0;1;0;0;0;0;0
604;c_H1_P5;345.0;345.0;n3300440;n3300440;c;0;0;0;0;1;0;0;0;1;0;0;0;1;0;0;0;0;0
605;w_H1_P6;360.0;360.0;n3300440;n3300440;w;0;0;0;1;0;0;0;0;1;0;0;0;1;0;0;0;0;0
606;c_H1_P6;360.0;360.0;n3300440;n3300440;c;0;0;0;0;1;0;0;0;1;0;0;0;1;0;0;0;0;0
607;w_H1_P7;375.0;375.0;n3300440;n3300440;w;0;0;0;1;0;0;0;0;1;0;0;0;1;0;0;0;0;0
608;c_H1_P7;375.0;375.0;n3300440;n3300440;c;0;0;0;0;1;0;0;0;1;0;0;0;1;0;0;0;0;0
609;w_H1_P8;390.0;390.0;n3300440;n3300440;w;0;0;0;1;0;0;0;0;1;0;0;0;1;0;0;0;0;0
610;c_H1_P8;390.0;390.0;n3300440;n3300440;c;0;0;0;0;1;0;0;0;1;0;0;0;1;0;0;0;0;0
611;w_H1_P9;405.0;405.0;n3300440;n3300440;w;0;0;0;1;0;0;0;0;1;0;0;0;1;0;0;0;0;0
612;c_H1_P9;405.0;405.0;n3300440;n3300440;c;0;0;0;0;1;0;0;0;1;0;0;0;1;0;0;0;0;0
613;w_H1_P10;420.0;420.0;n3300440;n3300440;w;0;0;0;1;0;0;0;0;1;0;0;0;1;0;0;0;0;0
614;c_H1_P10;420.0;420.0;n3300440;n3300440;c;0;0;0;0;1;0;0;0;1;0;0;0;1;0;0;0;0;0
615;w_H1_P11;435.0;435.0;n3300440;n3300440;w;0;0;0;1;0;0;0;0;1;0;0;0;1;0;0;0;0;0
616;c_H1_P11;435.0;435.0;n3300440;n3300440;c;0;0;0;0;1;0;0;0;1;0;0;0;1;0;0;0;0;0
617;w_H1_P12;450.0;450.0;n3300440;n3300440;w;0;0;0;1;0;0;0;0;1;0;0;0;1;0;0;0;0;0
618;c_H1_P12;450.0;450.0;n3300440;n3300440;c;0;0;0;0;1;0;0;0;1;0;0;0;1;0;0;0;0;0
619;w_H1_P13;465.0;465.0;n3300440;n3300440;w;0;0;0;1;0;0;0;0;1;0;0;0;1;0;0;0;0;0
620;c_H1_P13;465.0;465.0;n3300440;n3300440;c;0;0;0;0;1;0;0;0;1;0;0;0;1;0;0;0;0;0
621;w_H1_P14;480.0;480.0;n3300440;n3300440;w;0;0;0;1;0;0;0;0;1;0;0;0;1;0;0;0;0;0
622;c_H1_P14;480.0;480.0;n3300440;n3300440;c;0;0;0;0;1;0;0;0;1;0;0;0;1;0;0;0;0;0
623;w_H1_P15;495.0;495.0;n3300440;n3300440;w;0;0;0;1;0;0;0;0;1;0;0;0;1;0;0;0;0;0
624;c_H1_P15;495.0;495.0;n3300440;n3300440;c;0;0;0;0;1;0;0;0;1;0;0;0;1;0;0;0;0;0
625;w_H1_P16;510.0;510.0;n3300440;n3300440;w;0;0;0;1;0;0;0;0;1;0;0;0;1;0;0;0;0;0
626;c_H1_P16;510.0;510.0;n3300440;n3300440;c;0;0;0;0;1;0;0;0;1;0;0;0;1;0;0;0;0;0
627;w_H1_P17;525.0;525.0;n3300440;n3300440;w;0;0;0;1;0;0;0;0;1;0;0;0;1;0;0;0;0;0
628;c_H1_P17;525.0;525.0;n3300440;n3300440;c;0;0;0;0;1;0;0;0;1;0;0;0;1;0;0;0;0;0
629;w_H1_P18;540.0;540.0;n3300440;n3300440;w;0;0;0;1;0;0;0;0;1;0;0;0;1;0;0;0;0;0
630;c_H1_P18;540.0;540.0;n3300440;n3300440;c;0;0;0;0;1;0;0;0;1;0;0;0;1;0;0;0;0;0
631;w_H1_P19;555.0;555.0;n3300440;n3300440;w;0;0;0;1;0;0;0;0;1;0;0;0;1;0;0;0;0;0
632;c_H1_P19;555.0;555.0;n3300440;n3300440;c;0;0;0;0;1;0;0;0;1;0;0;0;1;0;0;0;0;0
633;w_H1_P20;570.0;570.0;n3300440;n3300440;w;0;0;0;1;0;0;0;0;1;0;0;0;1;0;0;0;0;0
634;c_H1_P20;570.0;570.0;n3300440;n3300440;c;0;0;0;0;1;0;0;0;1;0;0;0;1;0;0;0;0;0
635;w_H1_P21;585.0;585.0;n3300440;n3300440;w;0;0;0;1;0;0;0;0;1;0;0;0;1;0;0;0;0;0
636;c_H1_P21;585.0;585.0;n3300440;n3300440;c;0;0;0;0;1;0;0;0;1;0;0;0;1;0;0;0;0;0
637;w_H1_P22;600.0;600.0;n3300440;n3300440;w;0;0;0;1;0;0;0;0;1;0;0;0;1;0;0;0;0;0
638;c_H1_P22;600.0;600.0;n3300440;n3300440;c;0;0;0;0;1;0;0;0;1;0;0;0;1;0;0;0;0;0
639;w_H1_P23;615.0;615.0;n3300440;n3300440;w;0;0;0;1;0;0;0;0;1;0;0;0;1;0;0;0;0;0
640;c_H1_P23;615.0;615.0;n3300440;n3300440;c;0;0;0;0;1;0;0;0;1;0;0;0;1;0;0;0;0;0
641;w_H1_P24;630.0;630.0;n3300440;n3300440;w;0;0;0;1;0;0;0;0;1;0;0;0;1;0;0;0;0;0
642;c_H1_P24;630.0;630.0;n3300440;n3300440;c;0;0;0;0;1;0;0;0;1;0;0;0;1;0;0;0;0;0
643;w_H1_P25;645.0;645.0;n3300440;n3300440;w;0;0;0;1;0;0;0;0;1;0;0;0;1;0;0;0;0;0
644;c_H1_P25;645.0;645.0;n3300440;n3300440;c;0;0;0;0;1;0;0;0;1;0;0;0;1;0;0;0;0;0
645;w_H1_P26;660.0;660.0;n3300440;n3300440;w;0;0;0;1;0;0;0;0;1;0;0;0;1;0;0;0;0;0
646;c_H1_P26;660.0;660.0;n3300440;n3300440;c;0;0;0;0;1;0;0;0;1;0;0;0;1;0;0;0;0;0
647;w_H1_P27;675.0;675.0;n3300440;n3300440;w;0;0;0;1;0;0;0;0;1;0;0;0;1;0;0;0;0;0
648;c_H1_P27;675.0;675.0;n3300440;n3300440;c;0;0;0;0;1;0;0;0;1;0;0;0;1;0;0;0;0;0
649;w_H1_P28;690.0;690.0;n3300440;n3300440;w;0;0;0;1;0;0;0;0;1;0;0;0;1;0;0;0;0;0
650;c_H1_P28;690.0;690.0;n3300440;n3300440;c;0;0;0;0;1;0;0;0;1;0;0;0;1;0;0;0;0;0
651;w_H1_P29;705.0;705.0;n3300440;n3300440;w;0;0;0;1;0;0;0;0;1;0;0;0;1;0;0;0;0;0
652;c_H1_P29;705.0;705.0;n3300440;n3300440;c;0;0;0;0;1;0;0;0;1;0;0;0;1;0;0;0;0;0
653;w_H1_P30;720.0;720.0;n3300440;n3300440;w;0;0;0;1;0;0;0;0;1;0;0;0;1;0;0;0;0;0
654;c_H1_P30;720.0;720.0;n3300440;n3300440;c;0;0;0;0;1;0;0;0;1;0;0;0;1;0;0;0;0;0
655;w_H1_P31;735.0;735.0;n3300440;n3300440;w;0;0;0;1;0;0;0;0;1;0;0;0;1;0;0;0;0;0
656;c_H1_P31;735.0;735.0;n3300440;n3300440;c;0;0;0;0;1;0;0;0;1;0;0;0;1;0;0;0;0;0
657;w_H1_P32;750.0;750.0;n3300440;n3300440;w;0;0;0;1;0;0;0;0;1;0;0;0;1;0;0;0;0;0
658;c_H1_P32;750.0;750.0;n3300440;n3300440;c;0;0;0;0;1;0;0;0;1;0;0;0;1;0;0;0;0;0
659;w_H1_P33;765.0;765.0;n3300440;n3300440;w;0;0;0;1;0;0;0;0;1;0;0;0;1;0;0;0;0;0
660;c_H1_P33;765.0;765.0;n3300440;n3300440;c;0;0;0;0;1;0;0;0;1;0;0;0;1;0;0;0;0;0
661;w_H1_P34;780.0;780.0;n3300440;n3300440;w;0;0;0;1;0;0;0;0;1;0;0;0;1;0;0;0;0;0
662;c_H1_P34;780.0;780.0;n3300440;n3300440;c;0;0;0;0;1;0;0;0;1;0;0;0;1;0;0;0;0;0
663;w_H1_P35;795.0;795.0;n3300440;n3300440;w;0;0;0;1;0;0;0;0;1;0;0;0;1;0;0;0;0;0
664;c_H1_P35;795.0;795.0;n3300440;n3300440;c;0;0;0;0;1;0;0;0;1;0;0;0;1;0;0;0;0;0
665;w_H1_P36;810.0;810.0;n3300440;n3300440;w;0;0;0;1;0;0;0;0;1;0;0;0;1;0;0;0;0;0
666;c_H1_P36;810.0;810.0;n3300440;n3300440;c;0;0;0;0;1;0;0;0;1;0;0;0;1;0;0;0;0;0
667;w_H1_P37;825.0;825.0;n3300440;n3300440;w;0;0;0;1;0;0;0;0;1;0;0;0;1;0;0;0;0;0
668;c_H1_P37;825.0;825.0;n3300440;n3300440;c;0;0;0;0;1;0;0;0;1;0;0;0;1;0;0;0;0;0
669;w_H1_P38;840.0;840.0;n3300440;n3300440;w;0;0;0;1;0;0;0;0;1;0;0;0;1;0;0;0;0;0
670;c_H1_P38;840.0;840.0;n3300440;n3300440;c;0;0;0;0;1;0;0;0;1;0;0;0;1;0;0;0;0;0
671;w_H1_P39;855.0;855.0;n3300440;n3300440;w;0;0;0;1;0;0;0;0;1;0;0;0;1;0;0;0;0;0
672;c_H1_P39;855.0;855.0;n3300440;n3300440;c;0;0;0;0;1;0;0;0;1;0;0;0;1;0;0;0;0;0
673;w_H1_P40;870.0;870.0;n3300440;n3300440;w;0;0;0;1;0;0;0;0;1;0;0;0;1;0;0;0;0;0
674;c_H1_P40;870.0;870.0;n3300440;n3300440;c;0;0;0;0;1;0;0;0;1;0;0;0;1;0;0;0;0;0
675;w_H1_P41;885.0;885.0;n3300440;n3300440;w;0;0;0;1;0;0;0;0;1;0;0;0;1;0;0;0;0;0
676;c_H1_P41;885.0;885.0;n3300440;n3300440;c;0;0;0;0;1;0;0;0;1;0;0;0;1;0;0;0;0;0
677;w_H1_P42;900.0;900.0;n3300440;n3300440;w;0;0;0;1;0;0;0;0;1;0;0;0;1;0;0;0;0;0
678;c_H1_P42;900.0;900.0;n3300440;n3300440;c;0;0;0;0;1;0;0;0;1;0;0;0;1;0;0;0;0;0
679;w_H1_P43;915.0;915.0;n3300440;n3300440;w;0;0;0;1;0;0;0;0;1;0;0;0;1;0;0;0;0;0
680;c_H1_P43;915.0;915.0;n3300440;n3300440;c;0;0;0;0;1;0;0;0;1;0;0;0;1;0;0;0;0;0
681;w_H1_P44;930.0;930.0;n3300440;n3300440;w;0;0;0;1;0;0;0;0;1;0;0;0;1;0;0;0;0;0
682;c_H1_P44;930.0;930.0;n3300440;n3300440;c;0;0;0;0;1;0;0;0;1;0;0;0;1;0;0;0;0;0
683;w_H1_P45;945.0;945.0;n3300440;n3300440;w;0;0;0;1;0;0;0;0;1;0;0;0;1;0;0;0;0;0
684;c_H1_P45;945.0;945.0;n3300440;n3300440;c;0;0;0;0;1;0;0;0;1;0;0;0;1;0;0;0;0;0
685;w_H1_P46;960.0;960.0;n3300440;n3300440;w;0;0;0;1;0;0;0;0;1;0;0;0;1;0;0;0;0;0
686;c_H1_P46;960.0;960.0;n3300440;n3300440;c;0;0;0;0;1;0;0;0;1;0;0;0;1;0;0;0;0;0
687;w_H1_P47;975.0;975.0;n3300440;n3300440;w;0;0;0;1;0;0;0;0;1;0;0;0;1;0;0;0;0;0
688;c_H1_P47;975.0;975.0;n3300440;n3300440;c;0;0;0;0;1;0;0;0;1;0;0;0;1;0;0;0;0;0
689;w_H1_P48;990.0;990.0;n3300440;n3300440;w;0;0;0;1;0;0;0;0;1;0;0;0;1;0;0;0;0;0
690;c_H1_P48;990.0;990.0;n3300440;n3300440;c;0;0;0;0;1;0;0;0;1;0;0;0;1;0;0;0;0;0
691;w_H1_P49;1005.0;1005.0;n3300440;n3300440;w;0;0;0;1;0;0;0;0;1;0;0;0;1;0;0;0;0;0
692;c_H1_P49;1005.0;1005.0;n3300440;n3300440;c;0;0;0;0;1;0;0;0;1;0;0;0;1;0;0;0;0;0
693;w_H1_P50;1020.0;1020.0;n3300440;n3300440;w;0;0;0;1;0;0;0;0;1;0;0;0;1;0;0;0;0;0
694;c_H1_P50;1020.0;1020.0;n3300440;n3300440;c;0;0;0;0;1;0;0;0;1;0;0;0;1;0;0;0;0;0
695;w_H1_P51;1035.0;1035.0;n3300440;n3300440;w;0;0;0;1;0;0;0;0;1;0;0;0;1;0;0;0;0;0
696;c_H1_P51;1035.0;1035.0;n3300440;n3300440;c;0;0;0;0;1;0;0;0;1;0;0;0;1;0;0;0;0;0
697;w_H1_P52;1050.0;1050.0;n3300440;n3300440;w;0;0;0;1;0;0;0;0;1;0;0;0;1;0;0;0;0;0
698;c_H1_P52;1050.0;1050.0;n3300440;n3300440;c;0;0;0;0;1;0;0;0;1;0;0;0;1;0;0;0;0;0
699;w_H1_P53;1065.0;1065.0;n3300440;n3300440;w;0;0;0;1;0;0;0;0;1;0;0;0;1;0;0;0;0;0
700;c_H1_P53;1065.0;1065.0;n3300440;n3300440;c;0;0;0;0;1;0;0;0;1;0;0;0;1;0;0;0;0;0
701;w_H1_P54;1080.0;1080.0;n3300440;n3300440;w;0;0;0;1;0;0;0;0;1;0;0;0;1;0;0;0;0;0
702;c_H1_P54;1080.0;1080.0;n3300440;n3300440;c;0;0;0;0;1;0;0;0;1;0;0;0;1;0;0;0;0;0
703;w_H1_P55;1095.0;1095.0;n3300440;n3300440;w;0;0;0;1;0;0;0;0;1;0;0;0;1;0;0;0;0;0
704;c_H1_P55;1095.0;1095.0;n3300440;n3300440;c;0;0;0;0;1;0;0;0;1;0;0;0;1;0;0;0;0;0
705;w_H1_P56;1110.0;1110.0;n3300440;n3300440;w;0;0;0;1;0;0;0;0;1;0;0;0;1;0;0;0;0;0
706;c_H1_P56;1110.0;1110.0;n3300440;n3300440;c;0;0;0;0;1;0;0;0;1;0;0;0;1;0;0;0;0;0
707;w_H1_P57;1125.0;1125.0;n3300440;n3300440;w;0;0;0;1;0;0;0;0;1;0;0;0;1;0;0;0;0;0
708;c_H1_P57;1125.0;1125.0;n3300440;n3300440;c;0;0;0;0;1;0;0;0;1;0;0;0;1;0;0;0;0;0
709;w_H1_P58;1140.0;1140.0;n3300440;n3300440;w;0;0;0;1;0;0;0;0;1;0;0;0;1;0;0;0;0;0
710;c_H1_P58;1140.0;1140.0;n3300440;n3300440;c;0;0;0;0;1;0;0;0;1;0;0;0;1;0;0;0;0;0
711;w_H1_P59;1155.0;1155.0;n3300440;n3300440;w;0;0;0;1;0;0;0;0;1;0;0;0;1;0;0;0;0;0
712;c_H1_P59;1155.0;1155.0;n3300440;n3300440;c;0;0;0;0;1;0;0;0;1;0;0;0;1;0;0;0;0;0
713;w_H1_P60;1170.0;1170.0;n3300440;n3300440;w;0;0;0;1;0;0;0;0;1;0;0;0;1;0;0;0;0;0
714;c_H1_P60;1170.0;1170.0;n3300440;n3300440;c;0;0;0;0;1;0;0;0;1;0;0;0;1;0;0;0;0;0
715;w_H1_P61;1185.0;1185.0;n3300440;n3300440;w;0;0;0;1;0;0;0;0;1;0;0;0;1;0;0;0;0;0
716;c_H1_P61;1185.0;1185.0;n3300440;n3300440;c;0;0;0;0;1;0;0;0;1;0;0;0;1;0;0;0;0;0
717;w_H1_P62;1200.0;1200.0;n3300440;n3300440;w;0;0;0;1;0;0;0;0;1;0;0;0;1;0;0;0;0;0
718;c_H1_P62;1200.0;1200.0;n3300440;n3300440;c;0;0;0;0;1;0;0;0;1;0;0;0;1;0;0;0;0;0
719;w_H1_P63;1215.0;1215.0;n3300440;n3300440;w;0;0;0;1;0;0;0;0;1;0;0;0;1;0;0;0;0;0
720;c_H1_P63;1215.0;1215.0;n3300440;n3300440;c;0;0;0;0;1;0;0;0;1;0;0;0;1;0;0;0;0;0
721;w_H1_P64;1230.0;1230.0;n3300440;n3300440;w;0;0;0;1;0;0;0;0;1;0;0;0;1;0;0;0;0;0
722;c_H1_P64;1230.0;1230.0;n3300440;n3300440;c;0;0;0;0;1;0;0;0;1;0;0;0;1;0;0;0;0;0
723;w_H1_P65;1245.0;1245.0;n3300440;n3300440;w;0;0;0;1;0;0;0;0;1;0;0;0;1;0;0;0;0;0
724;c_H1_P65;1245.0;1245.0;n3300440;n3300440;c;0;0;0;0;1;0;0;0;1;0;0;0;1;0;0;0;0;0
725;w_H1_P66;1260.0;1260.0;n3300440;n3300440;w;0;0;0;1;0;0;0;0;1;0;0;0;1;0;0;0;0;0
726;c_H1_P66;1260.0;1260.0;n3300440;n3300440;c;0;0;0;0;1;0;0;0;1;0;0;0;1;0;0;0;0;0
727;w_H1_P67;1275.0;1275.0;n3300440;n3300440;w;0;0;0;1;0;0;0;0;1;0;0;0;1;0;0;0;0;0
728;c_H1_P67;1275.0;1275.0;n3300440;n3300440;c;0;0;0;0;1;0;0;0;1;0;0;0;1;0;0;0;0;0
729;w_H1_P68;1290.0;1290.0;n3300440;n3300440;w;0;0;0;1;0;0;0;0;1;0;0;0;1;0;0;0;0;0
730;c_H1_P68;1290.0;1290.0;n3300440;n3300440;c;0;0;0;0;1;0;0;0;1;0;0;0;1;0;0;0;0;0
731;w_H1_P69;1305.0;1305.0;n3300440;n3300440;w;0;0;0;1;0;0;0;0;1;0;0;0;1;0;0;0;0;0
732;c_H1_P69;1305.0;1305.0;n3300440;n3300440;c;0;0;0;0;1;0;0;0;1;0;0;0;1;0;0;0;0;0
733;w_H1_P70;1320.0;1320.0;n3300440;n3300440;w;0;0;0;1;0;0;0;0;1;0;0;0;1;0;0;0;0;0
734;c_H1_P70;1320.0;1320.0;n3300440;n3300440;c;0;0;0;0;1;0;0;0;1;0;0;0;1;0;0;0;0;0
735;w_H1_P71;1335.0;1335.0;n3300440;n3300440;w;0;0;0;1;0;0;0;0;1;0;0;0;1;0;0;0;0;0
736;c_H1_P71;1335.0;1335.0;n3300440;n3300440;c;0;0;0;0;1;0;0;0;1;0;0;0;1;0;0;0;0;0
737;w_H1_P72;1350.0;1350.0;n3300440;n3300440;w;0;0;0;1;0;0;0;0;1;0;0;0;1;0;0;0;0;0
738;c_H1_P72;1350.0;1350.0;n3300440;n3300440;c;0;0;0;0;1;0;0;0;1;0;0;0;1;0;0;0;0;0
739;w_H1_P73;1365.0;1365.0;n3300440;n3300440;w;0;0;0;1;0;0;0;0;1;0;0;0;1;0;0;0;0;0
740;c_H1_P73;1365.0;1365.0;n3300440;n3300440;c;0;0;0;0;1;0;0;0;1;0;0;0;1;0;0;0;0;0
741;w_H1_P74;1380.0;1380.0;n3300440;n3300440;w;0;0;0;1;0;0;0;0;1;0;0;0;1;0;0;0;0;0
742;c_H1_P74;1380.0;1380.0;n3300440;n3300440;c;0;0;0;0;1;0;0;0;1;0;0;0;1;0;0;0;0;0
743;w_H1_P75;1395.0;1395.0;n3300440;n3300440;w;0;0;0;1;0;0;0;0;1;0;0;0;1;0;0;0;0;0
744;c_H1_P75;1395.0;1395.0;n3300440;n3300440;c;0;0;0;0;1;0;0;0;1;0;0;0;1;0;0;0;0;0
745;w_H1_P76;1410.0;1410.0;n3300440;n3300440;w;0;0;0;1;0;0;0;0;1;0;0;0;1;0;0;0;0;0
746;c_H1_P76;1410.0;1410.0;n3300440;n3300440;c;0;0;0;0;1;0;0;0;1;0;0;0;1;0;0;0;0;0
747;w_H1_P77;1425.0;1425.0;n3300440;n3300440;w;0;0;0;1;0;0;0;0;1;0;0;0;1;0;0;0;0;0
748;c_H1_P77;1425.0;1425.0;n3300440;n3300440;c;0;0;0;0;1;0;0;0;1;0;0;0;1;0;0;0;0;0
749;w_H1_P78;1440.0;1440.0;n3300440;n3300440;w;0;0;0;1;0;0;0;0;1;0;0;0;1;0;0;0;0;0
750;c_H1_P78;1440.0;1440.0;n3300440;n3300440;c;0;0;0;0;1;0;0;0;1;0;0;0;1;0;0;0;0;0
751;w_H1_P79;1455.0;1455.0;n3300440;n3300440;w;0;0;0;1;0;0;0;0;1;0;0;0;1;0;0;0;0;0
752;c_H1_P79;1455.0;1455.0;n3300440;n3300440;c;0;0;0;0;1;0;0;0;1;0;0;0;1;0;0;0;0;0
753;w_H1_P80;1470.0;1470.0;n3300440;n3300440;w;0;0;0;1;0;0;0;0;1;0;0;0;1;0;0;0;0;0
754;c_H1_P80;1470.0;1470.0;n3300440;n3300440;c;0;0;0;0;1;0;0;0;1;0;0;0;1;0;0;0;0;0
755;w_H1_P81;1485.0;1485.0;n3300440;n3300440;w;0;0;0;1;0;0;0;0;1;0;0;0;1;0;0;0;0;0
756;c_H1_P81;1485.0;1485.0;n3300440;n3300440;c;0;0;0;0;1;0;0;0;1;0;0;0;1;0;0;0;0;0
