;name;t_s;t_e;n_s;n_e;type;o;k;n;w;c;d;s_n601;s_n601b;s_n3300440;s_n3400167;e_n601;e_n601b;e_n3300440;e_n3400167;nb_dep_10;nb_dep_id_10;nb_fin_10;nb_fin_id_10;pi_value;class
0;o_D0;0.0;0.0;n601;n601;o;1;0;0;0;0;0;1;0;0;0;1;0;0;0;0;0;0;0;0.0;0
1;k_D0;1485.0;1485.0;n601;n601;k;0;1;0;0;0;0;1;0;0;0;1;0;0;0;0;0;0;0;0.0;0
2;o_D1;0.0;0.0;n601b;n601b;o;1;0;0;0;0;0;0;1;0;0;0;1;0;0;0;0;0;0;0.0;0
3;k_D1;1485.0;1485.0;n601b;n601b;k;0;1;0;0;0;0;0;1;0;0;0;1;0;0;0;0;0;0;0.0;0
4;n_T0;240.0;271.0;n3300440;n601b;n;0;0;1;0;0;0;0;0;1;0;0;1;0;0;0;0;0;0;52.0;1
5;n_T1;252.0;283.0;n601b;n3300440;n;0;0;1;0;0;0;0;1;0;0;0;0;1;0;0;0;0;0;-52.0;0
6;n_T2;264.0;295.0;n3300440;n601b;n;0;0;1;0;0;0;0;0;1;0;0;1;0;0;0;0;0;0;52.0;1
7;n_T3;276.0;307.0;n601b;n3300440;n;0;0;1;0;0;0;0;1;0;0;0;0;1;0;0;0;0;0;-52.0;0
8;n_T4;288.0;319.0;n3300440;n601b;n;0;0;1;0;0;0;0;0;1;0;0;1;0;0;0;0;0;0;52.0;1
9;n_T5;300.0;331.0;n601b;n3300440;n;0;0;1;0;0;0;0;1;0;0;0;0;1;0;1;1;0;0;-52.0;0
10;n_T6;304.0;335.0;n3300440;n601b;n;0;0;1;0;0;0;0;0;1;0;0;1;0;0;1;1;1;1;52.0;1
11;n_T7;308.0;339.0;n601b;n3300440;n;0;0;1;0;0;0;0;1;0;0;0;0;1;0;1;1;1;1;-52.0;0
12;n_T8;312.0;343.0;n3300440;n601b;n;0;0;1;0;0;0;0;0;1;0;0;1;0;0;1;1;1;1;52.0;1
13;n_T9;316.0;347.0;n601b;n3300440;n;0;0;1;0;0;0;0;1;0;0;0;0;1;0;2;2;1;1;-52.0;0
14;n_T10;320.0;351.0;n3300440;n601b;n;0;0;1;0;0;0;0;0;1;0;0;1;0;0;1;1;1;1;52.0;1
15;n_T11;324.0;355.0;n601b;n3300440;n;0;0;1;0;0;0;0;1;0;0;0;0;1;0;2;2;2;2;-52.0;0
16;n_T12;328.0;359.0;n3300440;n601b;n;0;0;1;0;0;0;0;0;1;0;0;1;0;0;1;1;1;1;52.0;1
17;n_T13;332.0;363.0;n601b;n3300440;n;0;0;1;0;0;0;0;1;0;0;0;0;1;0;1;1;1;1;-52.0;0
18;n_T14;336.0;367.0;n3300440;n601b;n;0;0;1;0;0;0;0;0;1;0;0;1;0;0;1;1;1;1;52.0;1
19;n_T15;340.0;371.0;n601b;n3300440;n;0;0;1;0;0;0;0;1;0;0;0;0;1;0;1;1;1;1;-52.0;0
20;n_T16;344.0;375.0;n3300440;n601b;n;0;0;1;0;0;0;0;0;1;0;0;1;0;0;2;2;2;2;52.0;1
21;n_T17;348.0;379.0;n601b;n3300440;n;0;0;1;0;0;0;0;1;0;0;0;0;1;0;1;1;1;1;-52.0;0
22;n_T18;352.0;383.0;n3300440;n601b;n;0;0;1;0;0;0;0;0;1;0;0;1;0;0;3;2;2;2;52.0;1
23;n_T19;356.0;387.0;n601b;n3300440;n;0;0;1;0;0;0;0;1;0;0;0;0;1;0;2;2;2;2;-52.0;0
24;n_T20;361.0;392.0;n3300440;n601b;n;0;0;1;0;0;0;0;0;1;0;0;1;0;0;4;3;2;2;52.0;1
25;n_T21;366.0;397.0;n601b;n3300440;n;0;0;1;0;0;0;0;1;0;0;0;0;1;0;4;4;2;2;-52.0;0
26;n_T22;371.0;402.0;n3300440;n601b;n;0;0;1;0;0;0;0;0;1;0;0;1;0;0;5;4;2;2;58.0;1
27;n_T23;376.0;407.0;n601b;n3300440;n;0;0;1;0;0;0;0;1;0;0;0;0;1;0;4;4;3;2;-46.0;0
28;n_T24;381.0;412.0;n3300440;n601b;n;0;0;1;0;0;0;0;0;1;0;0;1;0;0;3;3;3;3;60.0;1
29;n_T25;386.0;417.0;n601b;n3300440;n;0;0;1;0;0;0;0;1;0;0;0;0;1;0;3;3;4;4;-46.0;0
30;n_T26;391.0;422.0;n3300440;n601b;n;0;0;1;0;0;0;0;0;1;0;0;1;0;0;4;3;4;4;54.0;1
31;n_T27;396.0;427.0;n601b;n3300440;n;0;0;1;0;0;0;0;1;0;0;0;0;1;0;3;3;5;4;-42.0;0
32;n_T28;401.0;432.0;n3300440;n601b;n;0;0;1;0;0;0;0;0;1;0;0;1;0;0;4;3;3;3;52.0;1
33;n_T29;406.0;437.0;n601b;n3300440;n;0;0;1;0;0;0;0;1;0;0;0;0;1;0;4;4;4;3;-44.0;0
34;n_T30;411.0;442.0;n3300440;n601b;n;0;0;1;0;0;0;0;0;1;0;0;1;0;0;5;4;3;3;62.0;1
35;n_T31;416.0;447.0;n601b;n3300440;n;0;0;1;0;0;0;0;1;0;0;0;0;1;0;5;5;4;3;-26.0;0
36;n_T32;420.0;451.0;n3300440;n601b;n;0;0;1;0;0;0;0;0;1;0;0;1;0;0;7;5;3;3;62.0;1
37;n_T33;423.0;454.0;n601b;n3300440;n;0;0;1;0;0;0;0;1;0;0;0;0;1;0;5;5;4;3;-32.0;0
38;n_T34;426.0;457.0;n3300440;n601b;n;0;0;1;0;0;0;0;0;1;0;0;1;0;0;7;5;3;3;50.0;1
39;n_T35;429.0;460.0;n601b;n3300440;n;0;0;1;0;0;0;0;1;0;0;0;0;1;0;4;4;5;3;50.0;1
40;n_T36;432.0;463.0;n3300440;n601b;n;0;0;1;0;0;0;0;0;1;0;0;1;0;0;6;4;4;4;56.0;1
41;n_T37;435.0;466.0;n601b;n3300440;n;0;0;1;0;0;0;0;1;0;0;0;0;1;0;4;4;7;5;968.0;1
42;n_T38;438.0;469.0;n3300440;n601b;n;0;0;1;0;0;0;0;0;1;0;0;1;0;0;6;4;5;5;52.0;1
43;n_T39;441.0;472.0;n601b;n3300440;n;0;0;1;0;0;0;0;1;0;0;0;0;1;0;4;4;6;4;980.0;1
44;n_T40;444.0;475.0;n3300440;n601b;n;0;0;1;0;0;0;0;0;1;0;0;1;0;0;7;5;4;4;1042.0;1
45;n_T41;447.0;478.0;n601b;n3300440;n;0;0;1;0;0;0;0;1;0;0;0;0;1;0;5;5;6;4;980.0;1
46;n_T42;450.0;481.0;n3300440;n601b;n;0;0;1;0;0;0;0;0;1;0;0;1;0;0;7;5;4;4;1028.0;1
47;n_T43;453.0;484.0;n601b;n3300440;n;0;0;1;0;0;0;0;1;0;0;0;0;1;0;4;4;6;4;970.0;1
48;n_T44;456.0;487.0;n3300440;n601b;n;0;0;1;0;0;0;0;0;1;0;0;1;0;0;6;4;5;5;1032.0;1
49;n_T45;459.0;490.0;n601b;n3300440;n;0;0;1;0;0;0;0;1;0;0;0;0;1;0;4;4;7;5;982.0;1
50;n_T46;462.0;493.0;n3300440;n601b;n;0;0;1;0;0;0;0;0;1;0;0;1;0;0;6;4;5;5;954.0;1
51;n_T47;465.0;496.0;n601b;n3300440;n;0;0;1;0;0;0;0;1;0;0;0;0;1;0;4;4;6;4;982.0;1
52;n_T48;468.0;499.0;n3300440;n601b;n;0;0;1;0;0;0;0;0;1;0;0;1;0;0;7;5;4;4;24.0;1
53;n_T49;471.0;502.0;n601b;n3300440;n;0;0;1;0;0;0;0;1;0;0;0;0;1;0;5;5;6;4;980.0;1
54;n_T50;474.0;505.0;n3300440;n601b;n;0;0;1;0;0;0;0;0;1;0;0;1;0;0;5;4;4;4;20.0;1
55;n_T51;477.0;508.0;n601b;n3300440;n;0;0;1;0;0;0;0;1;0;0;0;0;1;0;3;3;6;4;-10.0;0
56;n_T52;482.0;513.0;n3300440;n601b;n;0;0;1;0;0;0;0;0;1;0;0;1;0;0;3;3;4;4;12.0;1
57;n_T53;487.0;518.0;n601b;n3300440;n;0;0;1;0;0;0;0;1;0;0;0;0;1;0;3;3;5;4;-14.0;0
58;n_T54;492.0;523.0;n3300440;n601b;n;0;0;1;0;0;0;0;0;1;0;0;1;0;0;4;3;3;3;0.0;0
59;n_T55;497.0;528.0;n601b;n3300440;n;0;0;1;0;0;0;0;1;0;0;0;0;1;0;3;3;3;3;-10.0;0
60;n_T56;502.0;533.0;n3300440;n601b;n;0;0;1;0;0;0;0;0;1;0;0;1;0;0;3;3;3;3;-24.0;0
61;n_T57;507.0;538.0;n601b;n3300440;n;0;0;1;0;0;0;0;1;0;0;0;0;1;0;3;3;3;3;-10.0;0
62;n_T58;512.0;543.0;n3300440;n601b;n;0;0;1;0;0;0;0;0;1;0;0;1;0;0;3;3;3;3;-44.0;0
63;n_T59;517.0;548.0;n601b;n3300440;n;0;0;1;0;0;0;0;1;0;0;0;0;1;0;3;3;3;3;-2.0;0
64;n_T60;522.0;553.0;n3300440;n601b;n;0;0;1;0;0;0;0;0;1;0;0;1;0;0;3;3;3;3;-4.0;0
65;n_T61;527.0;558.0;n601b;n3300440;n;0;0;1;0;0;0;0;1;0;0;0;0;1;0;3;3;3;3;12.0;1
66;n_T62;532.0;563.0;n3300440;n601b;n;0;0;1;0;0;0;0;0;1;0;0;1;0;0;3;3;3;3;-24.0;0
67;n_T63;537.0;568.0;n601b;n3300440;n;0;0;1;0;0;0;0;1;0;0;0;0;1;0;4;4;4;3;32.0;1
68;n_T64;542.0;573.0;n3300440;n601b;n;0;0;1;0;0;0;0;0;1;0;0;1;0;0;3;3;3;3;0.0;0
69;n_T65;547.0;578.0;n601b;n3300440;n;0;0;1;0;0;0;0;1;0;0;0;0;1;0;3;3;3;3;52.0;1
70;n_T66;552.0;583.0;n3300440;n601b;n;0;0;1;0;0;0;0;0;1;0;0;1;0;0;3;3;3;3;0.0;0
71;n_T67;557.0;588.0;n601b;n3300440;n;0;0;1;0;0;0;0;1;0;0;0;0;1;0;3;3;4;4;12.0;1
72;n_T68;562.0;593.0;n3300440;n601b;n;0;0;1;0;0;0;0;0;1;0;0;1;0;0;3;3;3;3;0.0;0
73;n_T69;567.0;598.0;n601b;n3300440;n;0;0;1;0;0;0;0;1;0;0;0;0;1;0;4;4;3;3;32.0;1
74;n_T70;572.0;603.0;n3300440;n601b;n;0;0;1;0;0;0;0;0;1;0;0;1;0;0;4;4;3;3;18.0;1
75;n_T71;577.0;608.0;n601b;n3300440;n;0;0;1;0;0;0;0;1;0;0;0;0;1;0;4;4;3;3;8.0;1
76;n_T72;582.0;613.0;n3300440;n601b;n;0;0;1;0;0;0;0;0;1;0;0;1;0;0;3;3;3;3;1.05853e-11;1
77;n_T73;587.0;618.0;n601b;n3300440;n;0;0;1;0;0;0;0;1;0;0;0;0;1;0;3;3;4;4;8.0;1
78;n_T74;592.0;623.0;n3300440;n601b;n;0;0;1;0;0;0;0;0;1;0;0;1;0;0;2;2;4;4;4.0;1
79;n_T75;597.0;628.0;n601b;n3300440;n;0;0;1;0;0;0;0;1;0;0;0;0;1;0;2;2;4;4;8.0;1
80;n_T76;605.0;636.0;n3300440;n601b;n;0;0;1;0;0;0;0;0;1;0;0;1;0;0;3;3;2;2;4.0;1
81;n_T77;613.0;644.0;n601b;n3300440;n;0;0;1;0;0;0;0;1;0;0;0;0;1;0;2;2;3;3;0.0;0
82;n_T78;621.0;652.0;n3300440;n601b;n;0;0;1;0;0;0;0;0;1;0;0;1;0;0;3;3;2;2;18.0;1
83;n_T79;629.0;660.0;n601b;n3300440;n;0;0;1;0;0;0;0;1;0;0;0;0;1;0;2;2;3;3;8.0;1
84;n_T80;637.0;668.0;n3300440;n601b;n;0;0;1;0;0;0;0;0;1;0;0;1;0;0;3;3;2;2;18.0;1
85;n_T81;645.0;676.0;n601b;n3300440;n;0;0;1;0;0;0;0;1;0;0;0;0;1;0;2;2;4;4;14.0;1
86;n_T82;653.0;684.0;n3300440;n601b;n;0;0;1;0;0;0;0;0;1;0;0;1;0;0;3;3;2;2;4.0;1
87;n_T83;661.0;692.0;n601b;n3300440;n;0;0;1;0;0;0;0;1;0;0;0;0;1;0;2;2;3;3;-5.31202e-11;0
88;n_T84;669.0;700.0;n3300440;n601b;n;0;0;1;0;0;0;0;0;1;0;0;1;0;0;3;3;2;2;10.0;1
89;n_T85;677.0;708.0;n601b;n3300440;n;0;0;1;0;0;0;0;1;0;0;0;0;1;0;2;2;3;3;-7.54707e-10;0
90;n_T86;685.0;716.0;n3300440;n601b;n;0;0;1;0;0;0;0;0;1;0;0;1;0;0;3;3;2;2;4.0;1
91;n_T87;693.0;724.0;n601b;n3300440;n;0;0;1;0;0;0;0;1;0;0;0;0;1;0;2;2;3;3;14.0;1
92;n_T88;701.0;732.0;n3300440;n601b;n;0;0;1;0;0;0;0;0;1;0;0;1;0;0;3;3;2;2;12.0;1
93;n_T89;709.0;740.0;n601b;n3300440;n;0;0;1;0;0;0;0;1;0;0;0;0;1;0;2;2;3;3;8.0;1
94;n_T90;717.0;748.0;n3300440;n601b;n;0;0;1;0;0;0;0;0;1;0;0;1;0;0;2;2;2;2;12.0;1
95;n_T91;725.0;756.0;n601b;n3300440;n;0;0;1;0;0;0;0;1;0;0;0;0;1;0;2;2;3;3;14.0;1
96;n_T92;733.0;764.0;n3300440;n601b;n;0;0;1;0;0;0;0;0;1;0;0;1;0;0;2;2;2;2;0.0;0
97;n_T93;741.0;772.0;n601b;n3300440;n;0;0;1;0;0;0;0;1;0;0;0;0;1;0;2;2;2;2;6.0;1
98;n_T94;749.0;780.0;n3300440;n601b;n;0;0;1;0;0;0;0;0;1;0;0;1;0;0;2;2;2;2;-2.0;0
99;n_T95;757.0;788.0;n601b;n3300440;n;0;0;1;0;0;0;0;1;0;0;0;0;1;0;2;2;2;2;6.0;1
100;n_T96;765.0;796.0;n3300440;n601b;n;0;0;1;0;0;0;0;0;1;0;0;1;0;0;2;2;2;2;-34.0;0
101;n_T97;773.0;804.0;n601b;n3300440;n;0;0;1;0;0;0;0;1;0;0;0;0;1;0;2;2;2;2;18.0;1
102;n_T98;780.0;811.0;n3300440;n601b;n;0;0;1;0;0;0;0;0;1;0;0;1;0;0;3;3;2;2;14.0;1
103;n_T99;785.0;816.0;n601b;n3300440;n;0;0;1;0;0;0;0;1;0;0;0;0;1;0;3;3;1;1;12.0;1
104;n_T100;790.0;821.0;n3300440;n601b;n;0;0;1;0;0;0;0;0;1;0;0;1;0;0;3;3;1;1;-6.0;0
105;n_T101;795.0;826.0;n601b;n3300440;n;0;0;1;0;0;0;0;1;0;0;0;0;1;0;2;2;2;2;32.0;1
106;n_T102;800.0;831.0;n3300440;n601b;n;0;0;1;0;0;0;0;0;1;0;0;1;0;0;2;2;3;3;-26.0;0
107;n_T103;805.0;836.0;n601b;n3300440;n;0;0;1;0;0;0;0;1;0;0;0;0;1;0;3;3;3;3;52.0;1
108;n_T104;810.0;841.0;n3300440;n601b;n;0;0;1;0;0;0;0;0;1;0;0;1;0;0;3;3;3;3;-34.0;0
109;n_T105;815.0;846.0;n601b;n3300440;n;0;0;1;0;0;0;0;1;0;0;0;0;1;0;3;3;2;2;-6.0;0
110;n_T106;820.0;851.0;n3300440;n601b;n;0;0;1;0;0;0;0;0;1;0;0;1;0;0;2;2;2;2;18.0;1
111;n_T107;825.0;856.0;n601b;n3300440;n;0;0;1;0;0;0;0;1;0;0;0;0;1;0;1;1;3;3;14.0;1
112;n_T108;830.0;861.0;n3300440;n601b;n;0;0;1;0;0;0;0;0;1;0;0;1;0;0;1;1;3;3;-2.0;0
113;n_T109;835.0;866.0;n601b;n3300440;n;0;0;1;0;0;0;0;1;0;0;0;0;1;0;2;2;3;3;34.0;1
114;n_T110;841.0;872.0;n3300440;n601b;n;0;0;1;0;0;0;0;0;1;0;0;1;0;0;2;2;2;2;-24.0;0
115;n_T111;847.0;878.0;n601b;n3300440;n;0;0;1;0;0;0;0;1;0;0;0;0;1;0;2;2;2;2;46.0;1
116;n_T112;853.0;884.0;n3300440;n601b;n;0;0;1;0;0;0;0;0;1;0;0;1;0;0;2;2;2;2;-6.0;0
117;n_T113;859.0;890.0;n601b;n3300440;n;0;0;1;0;0;0;0;1;0;0;0;0;1;0;2;2;2;2;-2.0;0
118;n_T114;865.0;896.0;n3300440;n601b;n;0;0;1;0;0;0;0;0;1;0;0;1;0;0;3;3;2;2;-30.0;0
119;n_T115;871.0;902.0;n601b;n3300440;n;0;0;1;0;0;0;0;1;0;0;0;0;1;0;2;2;2;2;22.0;1
120;n_T116;877.0;908.0;n3300440;n601b;n;0;0;1;0;0;0;0;0;1;0;0;1;0;0;2;2;2;2;-30.0;0
121;n_T117;883.0;914.0;n601b;n3300440;n;0;0;1;0;0;0;0;1;0;0;0;0;1;0;2;2;2;2;46.0;1
122;n_T118;889.0;920.0;n3300440;n601b;n;0;0;1;0;0;0;0;0;1;0;0;1;0;0;2;2;3;3;-30.0;0
123;n_T119;895.0;926.0;n601b;n3300440;n;0;0;1;0;0;0;0;1;0;0;0;0;1;0;3;3;2;2;28.0;1
124;n_T120;901.0;932.0;n3300440;n601b;n;0;0;1;0;0;0;0;0;1;0;0;1;0;0;2;2;2;2;0.0;0
125;n_T121;907.0;938.0;n601b;n3300440;n;0;0;1;0;0;0;0;1;0;0;0;0;1;0;3;3;2;2;60.0;1
126;n_T122;913.0;944.0;n3300440;n601b;n;0;0;1;0;0;0;0;0;1;0;0;1;0;0;3;2;2;2;18.0;1
127;n_T123;919.0;950.0;n601b;n3300440;n;0;0;1;0;0;0;0;1;0;0;0;0;1;0;3;3;4;3;60.0;1
128;n_T124;925.0;956.0;n3300440;n601b;n;0;0;1;0;0;0;0;0;1;0;0;1;0;0;3;2;3;3;18.0;1
129;n_T125;931.0;962.0;n601b;n3300440;n;0;0;1;0;0;0;0;1;0;0;0;0;1;0;3;3;4;3;70.0;1
130;n_T126;937.0;968.0;n3300440;n601b;n;0;0;1;0;0;0;0;0;1;0;0;1;0;0;2;2;3;3;18.0;1
131;n_T127;943.0;974.0;n601b;n3300440;n;0;0;1;0;0;0;0;1;0;0;0;0;1;0;3;3;3;3;4.0;1
132;n_T128;949.0;980.0;n3300440;n601b;n;0;0;1;0;0;0;0;0;1;0;0;1;0;0;2;2;3;3;18.0;1
133;n_T129;955.0;986.0;n601b;n3300440;n;0;0;1;0;0;0;0;1;0;0;0;0;1;0;2;2;4;3;12.0;1
134;n_T130;961.0;992.0;n3300440;n601b;n;0;0;1;0;0;0;0;0;1;0;0;1;0;0;3;2;3;3;10.0;1
135;n_T131;967.0;998.0;n601b;n3300440;n;0;0;1;0;0;0;0;1;0;0;0;0;1;0;3;3;4;3;30.0;1
136;n_T132;973.0;1004.0;n3300440;n601b;n;0;0;1;0;0;0;0;0;1;0;0;1;0;0;3;2;3;3;10.0;1
137;n_T133;979.0;1010.0;n601b;n3300440;n;0;0;1;0;0;0;0;1;0;0;0;0;1;0;2;2;4;2;36.0;1
138;n_T134;985.0;1016.0;n3300440;n601b;n;0;0;1;0;0;0;0;0;1;0;0;1;0;0;3;2;2;2;-12.0;0
139;n_T135;991.0;1022.0;n601b;n3300440;n;0;0;1;0;0;0;0;1;0;0;0;0;1;0;2;2;3;2;36.0;1
140;n_T136;997.0;1028.0;n3300440;n601b;n;0;0;1;0;0;0;0;0;1;0;0;1;0;0;3;2;2;2;1.07907e-10;1
141;n_T137;1003.0;1034.0;n601b;n3300440;n;0;0;1;0;0;0;0;1;0;0;0;0;1;0;2;2;4;2;14.0;1
142;n_T138;1009.0;1040.0;n3300440;n601b;n;0;0;1;0;0;0;0;0;1;0;0;1;0;0;3;2;2;2;-8.0;0
143;n_T139;1015.0;1046.0;n601b;n3300440;n;0;0;1;0;0;0;0;1;0;0;0;0;1;0;2;2;2;1;36.0;1
144;n_T140;1021.0;1052.0;n3300440;n601b;n;0;0;1;0;0;0;0;0;1;0;0;1;0;0;3;2;1;1;-8.0;0
145;n_T141;1027.0;1058.0;n601b;n3300440;n;0;0;1;0;0;0;0;1;0;0;0;0;1;0;2;2;5;3;66.0;1
146;n_T142;1033.0;1064.0;n3300440;n601b;n;0;0;1;0;0;0;0;0;1;0;0;1;0;0;2;1;2;2;-24.0;0
147;n_T143;1039.0;1070.0;n601b;n3300440;n;0;0;1;0;0;0;0;1;0;0;0;0;1;0;2;2;3;2;46.0;1
148;n_T144;1045.0;1076.0;n3300440;n601b;n;0;0;1;0;0;0;0;0;1;0;0;1;0;0;3;2;2;2;-22.0;0
149;n_T145;1051.0;1082.0;n601b;n3300440;n;0;0;1;0;0;0;0;1;0;0;0;0;1;0;2;2;3;2;40.0;1
150;n_T146;1057.0;1088.0;n3300440;n601b;n;0;0;1;0;0;0;0;0;1;0;0;1;0;0;3;2;2;2;-14.0;0
151;n_T147;1063.0;1094.0;n601b;n3300440;n;0;0;1;0;0;0;0;1;0;0;0;0;1;0;2;2;2;1;38.0;1
152;n_T148;1069.0;1100.0;n3300440;n601b;n;0;0;1;0;0;0;0;0;1;0;0;1;0;0;3;2;1;1;-22.0;0
153;n_T149;1075.0;1106.0;n601b;n3300440;n;0;0;1;0;0;0;0;1;0;0;0;0;1;0;1;1;3;2;32.0;1
154;n_T150;1081.0;1112.0;n3300440;n601b;n;0;0;1;0;0;0;0;0;1;0;0;1;0;0;1;1;2;2;-22.0;0
155;n_T151;1087.0;1118.0;n601b;n3300440;n;0;0;1;0;0;0;0;1;0;0;0;0;1;0;2;2;3;3;56.0;1
156;n_T152;1093.0;1124.0;n3300440;n601b;n;0;0;1;0;0;0;0;0;1;0;0;1;0;0;2;2;2;2;-22.0;0
157;n_T153;1099.0;1130.0;n601b;n3300440;n;0;0;1;0;0;0;0;1;0;0;0;0;1;0;2;2;2;2;38.0;1
158;n_T154;1105.0;1136.0;n3300440;n601b;n;0;0;1;0;0;0;0;0;1;0;0;1;0;0;2;2;2;2;-24.0;0
159;n_T155;1111.0;1142.0;n601b;n3300440;n;0;0;1;0;0;0;0;1;0;0;0;0;1;0;2;2;2;1;40.0;1
160;n_T156;1117.0;1148.0;n3300440;n601b;n;0;0;1;0;0;0;0;0;1;0;0;1;0;0;3;2;1;1;-24.0;0
161;n_T157;1123.0;1154.0;n601b;n3300440;n;0;0;1;0;0;0;0;1;0;0;0;0;1;0;1;1;2;2;32.0;1
162;n_T158;1129.0;1160.0;n3300440;n601b;n;0;0;1;0;0;0;0;0;1;0;0;1;0;0;1;1;2;2;-26.0;0
163;n_T159;1135.0;1166.0;n601b;n3300440;n;0;0;1;0;0;0;0;1;0;0;0;0;1;0;2;2;2;2;48.0;1
164;n_T160;1143.0;1174.0;n3300440;n601b;n;0;0;1;0;0;0;0;0;1;0;0;1;0;0;2;2;2;2;-30.0;0
165;n_T161;1151.0;1182.0;n601b;n3300440;n;0;0;1;0;0;0;0;1;0;0;0;0;1;0;2;2;2;2;32.0;1
166;n_T162;1159.0;1190.0;n3300440;n601b;n;0;0;1;0;0;0;0;0;1;0;0;1;0;0;2;2;2;2;-30.0;0
167;n_T163;1167.0;1198.0;n601b;n3300440;n;0;0;1;0;0;0;0;1;0;0;0;0;1;0;2;2;2;2;40.0;1
168;n_T164;1175.0;1206.0;n3300440;n601b;n;0;0;1;0;0;0;0;0;1;0;0;1;0;0;2;2;2;2;-30.0;0
169;n_T165;1183.0;1214.0;n601b;n3300440;n;0;0;1;0;0;0;0;1;0;0;0;0;1;0;2;2;2;2;48.0;1
170;n_T166;1191.0;1222.0;n3300440;n601b;n;0;0;1;0;0;0;0;0;1;0;0;1;0;0;2;2;2;2;-30.0;0
171;n_T167;1199.0;1230.0;n601b;n3300440;n;0;0;1;0;0;0;0;1;0;0;0;0;1;0;2;2;3;3;48.0;1
172;n_T168;1207.0;1238.0;n3300440;n601b;n;0;0;1;0;0;0;0;0;1;0;0;1;0;0;2;2;2;2;-30.0;0
173;n_T169;1215.0;1246.0;n601b;n3300440;n;0;0;1;0;0;0;0;1;0;0;0;0;1;0;3;3;2;2;48.0;1
174;n_T170;1223.0;1254.0;n3300440;n601b;n;0;0;1;0;0;0;0;0;1;0;0;1;0;0;2;2;2;2;-34.0;0
175;n_T171;1231.0;1262.0;n601b;n3300440;n;0;0;1;0;0;0;0;1;0;0;0;0;1;0;2;2;2;2;48.0;1
176;n_T172;1239.0;1270.0;n3300440;n601b;n;0;0;1;0;0;0;0;0;1;0;0;1;0;0;2;2;2;2;-34.0;0
177;n_T173;1247.0;1278.0;n601b;n3300440;n;0;0;1;0;0;0;0;1;0;0;0;0;1;0;2;2;2;2;48.0;1
178;n_T174;1255.0;1286.0;n3300440;n601b;n;0;0;1;0;0;0;0;0;1;0;0;1;0;0;2;2;2;2;-34.0;0
179;n_T175;1263.0;1294.0;n601b;n3300440;n;0;0;1;0;0;0;0;1;0;0;0;0;1;0;2;2;2;2;54.0;1
180;n_T176;1271.0;1302.0;n3300440;n601b;n;0;0;1;0;0;0;0;0;1;0;0;1;0;0;2;2;2;2;-26.0;0
181;n_T177;1279.0;1310.0;n601b;n3300440;n;0;0;1;0;0;0;0;1;0;0;0;0;1;0;2;2;3;3;54.0;1
182;n_T178;1287.0;1318.0;n3300440;n601b;n;0;0;1;0;0;0;0;0;1;0;0;1;0;0;2;2;2;2;-26.0;0
183;n_T179;1295.0;1326.0;n601b;n3300440;n;0;0;1;0;0;0;0;1;0;0;0;0;1;0;3;3;2;2;64.0;1
184;n_T180;1303.0;1334.0;n3300440;n601b;n;0;0;1;0;0;0;0;0;1;0;0;1;0;0;2;2;2;2;-26.0;0
185;n_T181;1311.0;1342.0;n601b;n3300440;n;0;0;1;0;0;0;0;1;0;0;0;0;1;0;2;2;2;2;52.0;1
186;n_T182;1319.0;1350.0;n3300440;n601b;n;0;0;1;0;0;0;0;0;1;0;0;1;0;0;1;1;2;2;-26.0;0
187;n_T183;1325.0;1356.0;n601b;n3300440;n;0;0;1;0;0;0;0;1;0;0;0;0;1;0;2;2;2;2;60.0;1
188;n_T184;1331.0;1362.0;n3300440;n601b;n;0;0;1;0;0;0;0;0;1;0;0;1;0;0;2;2;1;1;-32.0;0
189;n_T185;1337.0;1368.0;n601b;n3300440;n;0;0;1;0;0;0;0;1;0;0;0;0;1;0;2;2;1;1;50.0;1
190;n_T186;1343.0;1374.0;n3300440;n601b;n;0;0;1;0;0;0;0;0;1;0;0;1;0;0;1;1;2;2;-32.0;0
191;n_T187;1349.0;1380.0;n601b;n3300440;n;0;0;1;0;0;0;0;1;0;0;0;0;1;0;1;1;1;1;54.0;1
192;n_T188;1355.0;1386.0;n3300440;n601b;n;0;0;1;0;0;0;0;0;1;0;0;1;0;0;2;2;1;1;-38.0;0
193;n_T189;1361.0;1392.0;n601b;n3300440;n;0;0;1;0;0;0;0;1;0;0;0;0;1;0;1;1;2;2;58.0;1
194;n_T190;1367.0;1398.0;n3300440;n601b;n;0;0;1;0;0;0;0;0;1;0;0;1;0;0;1;1;2;2;-38.0;0
195;n_T191;1373.0;1404.0;n601b;n3300440;n;0;0;1;0;0;0;0;1;0;0;0;0;1;0;2;2;2;2;66.0;1
196;n_T192;1379.0;1410.0;n3300440;n601b;n;0;0;1;0;0;0;0;0;1;0;0;1;0;0;0;0;1;1;-38.0;0
197;n_T193;300.0;325.0;n3300440;n601b;n;0;0;1;0;0;0;0;0;1;0;0;1;0;0;1;1;1;1;52.0;1
198;n_T194;324.0;349.0;n601b;n3300440;n;0;0;1;0;0;0;0;1;0;0;0;0;1;0;2;2;2;2;-52.0;0
199;n_T195;348.0;373.0;n3300440;n601b;n;0;0;1;0;0;0;0;0;1;0;0;1;0;0;1;1;1;1;52.0;1
200;n_T196;360.0;385.0;n601b;n3300440;n;0;0;1;0;0;0;0;1;0;0;0;0;1;0;3;3;1;1;-52.0;0
201;n_T197;364.0;389.0;n3300440;n601b;n;0;0;1;0;0;0;0;0;1;0;0;1;0;0;3;3;1;1;52.0;1
202;n_T198;368.0;393.0;n601b;n3300440;n;0;0;1;0;0;0;0;1;0;0;0;0;1;0;3;3;2;2;-52.0;0
203;n_T199;372.0;397.0;n3300440;n601b;n;0;0;1;0;0;0;0;0;1;0;0;1;0;0;4;3;2;2;56.0;1
204;n_T200;376.0;401.0;n601b;n3300440;n;0;0;1;0;0;0;0;1;0;0;0;0;1;0;4;4;2;2;-52.0;0
205;n_T201;380.0;405.0;n3300440;n601b;n;0;0;1;0;0;0;0;0;1;0;0;1;0;0;3;3;3;3;54.0;1
206;n_T202;384.0;409.0;n601b;n3300440;n;0;0;1;0;0;0;0;1;0;0;0;0;1;0;3;3;4;3;-46.0;0
207;n_T203;388.0;413.0;n3300440;n601b;n;0;0;1;0;0;0;0;0;1;0;0;1;0;0;4;3;3;3;58.0;1
208;n_T204;392.0;417.0;n601b;n3300440;n;0;0;1;0;0;0;0;1;0;0;0;0;1;0;3;3;4;4;-46.0;0
209;n_T205;396.0;421.0;n3300440;n601b;n;0;0;1;0;0;0;0;0;1;0;0;1;0;0;3;3;3;3;56.0;1
210;n_T206;400.0;425.0;n601b;n3300440;n;0;0;1;0;0;0;0;1;0;0;0;0;1;0;3;3;4;3;-44.0;0
211;n_T207;404.0;429.0;n3300440;n601b;n;0;0;1;0;0;0;0;0;1;0;0;1;0;0;4;3;3;3;52.0;1
212;n_T208;408.0;433.0;n601b;n3300440;n;0;0;1;0;0;0;0;1;0;0;0;0;1;0;3;3;3;3;-36.0;0
213;n_T209;412.0;437.0;n3300440;n601b;n;0;0;1;0;0;0;0;0;1;0;0;1;0;0;4;3;3;3;60.0;1
214;n_T210;416.0;441.0;n601b;n3300440;n;0;0;1;0;0;0;0;1;0;0;0;0;1;0;5;5;4;3;-40.0;0
215;n_T211;420.0;445.0;n3300440;n601b;n;0;0;1;0;0;0;0;0;1;0;0;1;0;0;7;5;3;3;58.0;1
216;n_T212;424.0;449.0;n601b;n3300440;n;0;0;1;0;0;0;0;1;0;0;0;0;1;0;3;3;3;3;-30.0;0
217;n_T213;428.0;453.0;n3300440;n601b;n;0;0;1;0;0;0;0;0;1;0;0;1;0;0;7;5;3;3;50.0;1
218;n_T214;432.0;457.0;n601b;n3300440;n;0;0;1;0;0;0;0;1;0;0;0;0;1;0;5;5;5;4;56.0;1
219;n_T215;436.0;461.0;n3300440;n601b;n;0;0;1;0;0;0;0;0;1;0;0;1;0;0;7;5;5;5;50.0;1
220;n_T216;440.0;465.0;n601b;n3300440;n;0;0;1;0;0;0;0;1;0;0;0;0;1;0;5;5;6;4;968.0;1
221;n_T217;444.0;469.0;n3300440;n601b;n;0;0;1;0;0;0;0;0;1;0;0;1;0;0;7;5;5;5;52.0;1
222;n_T218;448.0;473.0;n601b;n3300440;n;0;0;1;0;0;0;0;1;0;0;0;0;1;0;3;3;7;5;978.0;1
223;n_T219;452.0;477.0;n3300440;n601b;n;0;0;1;0;0;0;0;0;1;0;0;1;0;0;7;5;5;5;1028.0;1
224;n_T220;456.0;481.0;n601b;n3300440;n;0;0;1;0;0;0;0;1;0;0;0;0;1;0;5;5;6;4;982.0;1
225;n_T221;460.0;485.0;n3300440;n601b;n;0;0;1;0;0;0;0;0;1;0;0;1;0;0;7;5;5;5;950.0;1
226;n_T222;464.0;489.0;n601b;n3300440;n;0;0;1;0;0;0;0;1;0;0;0;0;1;0;5;5;6;4;980.0;1
227;n_T223;468.0;493.0;n3300440;n601b;n;0;0;1;0;0;0;0;0;1;0;0;1;0;0;7;5;5;5;36.0;1
228;n_T224;472.0;497.0;n601b;n3300440;n;0;0;1;0;0;0;0;1;0;0;0;0;1;0;3;3;7;5;982.0;1
229;n_T225;476.0;501.0;n3300440;n601b;n;0;0;1;0;0;0;0;0;1;0;0;1;0;0;3;3;5;5;2.0;1
230;n_T226;481.0;506.0;n601b;n3300440;n;0;0;1;0;0;0;0;1;0;0;0;0;1;0;3;3;6;5;-14.0;0
231;n_T227;486.0;511.0;n3300440;n601b;n;0;0;1;0;0;0;0;0;1;0;0;1;0;0;3;3;4;4;24.0;1
232;n_T228;491.0;516.0;n601b;n3300440;n;0;0;1;0;0;0;0;1;0;0;0;0;1;0;3;3;6;4;-6.0;0
233;n_T229;496.0;521.0;n3300440;n601b;n;0;0;1;0;0;0;0;0;1;0;0;1;0;0;3;2;3;3;4.75456e-10;1
234;n_T230;501.0;526.0;n601b;n3300440;n;0;0;1;0;0;0;0;1;0;0;0;0;1;0;3;3;3;3;-2.0;0
235;n_T231;506.0;531.0;n3300440;n601b;n;0;0;1;0;0;0;0;0;1;0;0;1;0;0;3;3;3;3;-20.0;0
236;n_T232;511.0;536.0;n601b;n3300440;n;0;0;1;0;0;0;0;1;0;0;0;0;1;0;3;3;3;3;-14.0;0
237;n_T233;516.0;541.0;n3300440;n601b;n;0;0;1;0;0;0;0;0;1;0;0;1;0;0;3;3;3;3;-40.0;0
238;n_T234;521.0;546.0;n601b;n3300440;n;0;0;1;0;0;0;0;1;0;0;0;0;1;0;3;3;3;3;-5.40695e-10;0
239;n_T235;526.0;551.0;n3300440;n601b;n;0;0;1;0;0;0;0;0;1;0;0;1;0;0;3;3;3;3;-1.68257e-11;0
240;n_T236;531.0;556.0;n601b;n3300440;n;0;0;1;0;0;0;0;1;0;0;0;0;1;0;3;3;3;3;20.0;1
241;n_T237;536.0;561.0;n3300440;n601b;n;0;0;1;0;0;0;0;0;1;0;0;1;0;0;3;3;3;3;-20.0;0
242;n_T238;541.0;566.0;n601b;n3300440;n;0;0;1;0;0;0;0;1;0;0;0;0;1;0;3;3;4;3;40.0;1
243;n_T239;546.0;571.0;n3300440;n601b;n;0;0;1;0;0;0;0;0;1;0;0;1;0;0;3;3;2;2;0.0;0
244;n_T240;551.0;576.0;n601b;n3300440;n;0;0;1;0;0;0;0;1;0;0;0;0;1;0;4;4;3;3;-2.21689e-11;0
245;n_T241;556.0;581.0;n3300440;n601b;n;0;0;1;0;0;0;0;0;1;0;0;1;0;0;4;4;3;3;2.00799e-11;1
246;n_T242;561.0;586.0;n601b;n3300440;n;0;0;1;0;0;0;0;1;0;0;0;0;1;0;4;4;4;4;20.0;1
247;n_T243;566.0;591.0;n3300440;n601b;n;0;0;1;0;0;0;0;0;1;0;0;1;0;0;3;3;4;4;4.0;1
248;n_T244;571.0;596.0;n601b;n3300440;n;0;0;1;0;0;0;0;1;0;0;0;0;1;0;3;3;4;4;-4.88853e-11;0
249;n_T245;576.0;601.0;n3300440;n601b;n;0;0;1;0;0;0;0;0;1;0;0;1;0;0;3;3;3;3;-1.343e-10;0
250;n_T246;581.0;606.0;n601b;n3300440;n;0;0;1;0;0;0;0;1;0;0;0;0;1;0;3;3;3;3;0.0;0
251;n_T247;586.0;611.0;n3300440;n601b;n;0;0;1;0;0;0;0;0;1;0;0;1;0;0;3;3;3;3;2.0;1
252;n_T248;591.0;616.0;n601b;n3300440;n;0;0;1;0;0;0;0;1;0;0;0;0;1;0;4;4;3;3;-4.0;0
253;n_T249;596.0;621.0;n3300440;n601b;n;0;0;1;0;0;0;0;0;1;0;0;1;0;0;4;4;3;3;-3.01661e-11;0
254;n_T250;601.0;626.0;n601b;n3300440;n;0;0;1;0;0;0;0;1;0;0;0;0;1;0;3;3;4;4;0.0;0
255;n_T251;606.0;631.0;n3300440;n601b;n;0;0;1;0;0;0;0;0;1;0;0;1;0;0;2;2;4;4;0.0;0
256;n_T252;611.0;636.0;n601b;n3300440;n;0;0;1;0;0;0;0;1;0;0;0;0;1;0;3;3;4;4;-2.0;0
257;n_T253;616.0;641.0;n3300440;n601b;n;0;0;1;0;0;0;0;0;1;0;0;1;0;0;3;3;3;3;-6.0;0
258;n_T254;621.0;646.0;n601b;n3300440;n;0;0;1;0;0;0;0;1;0;0;0;0;1;0;3;3;3;3;0.0;0
259;n_T255;626.0;651.0;n3300440;n601b;n;0;0;1;0;0;0;0;0;1;0;0;1;0;0;2;2;2;2;-2.47411e-11;0
260;n_T256;631.0;656.0;n601b;n3300440;n;0;0;1;0;0;0;0;1;0;0;0;0;1;0;3;3;2;2;-6.09965e-11;0
261;n_T257;636.0;661.0;n3300440;n601b;n;0;0;1;0;0;0;0;0;1;0;0;1;0;0;4;4;3;3;0.0;0
262;n_T258;641.0;666.0;n601b;n3300440;n;0;0;1;0;0;0;0;1;0;0;0;0;1;0;4;4;4;4;6.0;1
263;n_T259;646.0;671.0;n3300440;n601b;n;0;0;1;0;0;0;0;0;1;0;0;1;0;0;3;3;4;4;12.0;1
264;n_T260;651.0;676.0;n601b;n3300440;n;0;0;1;0;0;0;0;1;0;0;0;0;1;0;2;2;4;4;0.0;0
265;n_T261;656.0;681.0;n3300440;n601b;n;0;0;1;0;0;0;0;0;1;0;0;1;0;0;1;1;2;2;3.19371e-11;1
266;n_T262;664.0;689.0;n601b;n3300440;n;0;0;1;0;0;0;0;1;0;0;0;0;1;0;2;2;1;1;6.0;1
267;n_T263;672.0;697.0;n3300440;n601b;n;0;0;1;0;0;0;0;0;1;0;0;1;0;0;1;1;1;1;-2.93312e-11;0
268;n_T264;680.0;705.0;n601b;n3300440;n;0;0;1;0;0;0;0;1;0;0;0;0;1;0;2;2;1;1;0.0;0
269;n_T265;688.0;713.0;n3300440;n601b;n;0;0;1;0;0;0;0;0;1;0;0;1;0;0;1;1;1;1;1.4925e-11;1
270;n_T266;696.0;721.0;n601b;n3300440;n;0;0;1;0;0;0;0;1;0;0;0;0;1;0;2;2;1;1;0.0;0
271;n_T267;704.0;729.0;n3300440;n601b;n;0;0;1;0;0;0;0;0;1;0;0;1;0;0;1;1;1;1;18.0;1
272;n_T268;712.0;737.0;n601b;n3300440;n;0;0;1;0;0;0;0;1;0;0;0;0;1;0;1;1;1;1;4.0;1
273;n_T269;720.0;745.0;n3300440;n601b;n;0;0;1;0;0;0;0;0;1;0;0;1;0;0;0;0;1;1;18.0;1
274;n_T270;728.0;753.0;n601b;n3300440;n;0;0;1;0;0;0;0;1;0;0;0;0;1;0;0;0;1;1;4.0;1
275;n_T271;736.0;761.0;n3300440;n601b;n;0;0;1;0;0;0;0;0;1;0;0;1;0;0;0;0;1;1;6.0;1
276;n_T272;744.0;769.0;n601b;n3300440;n;0;0;1;0;0;0;0;1;0;0;0;0;1;0;0;0;1;1;4.0;1
277;n_T273;752.0;777.0;n3300440;n601b;n;0;0;1;0;0;0;0;0;1;0;0;1;0;0;0;0;1;1;4.0;1
278;n_T274;760.0;785.0;n601b;n3300440;n;0;0;1;0;0;0;0;1;0;0;0;0;1;0;0;0;1;1;4.0;1
279;n_T275;768.0;793.0;n3300440;n601b;n;0;0;1;0;0;0;0;0;1;0;0;1;0;0;0;0;1;1;-28.0;0
280;n_T276;776.0;801.0;n601b;n3300440;n;0;0;1;0;0;0;0;1;0;0;0;0;1;0;1;1;1;1;4.0;1
281;n_T277;784.0;809.0;n3300440;n601b;n;0;0;1;0;0;0;0;0;1;0;0;1;0;0;1;1;1;1;18.0;1
282;n_T278;792.0;817.0;n601b;n3300440;n;0;0;1;0;0;0;0;1;0;0;0;0;1;0;1;1;2;2;26.0;1
283;n_T279;800.0;825.0;n3300440;n601b;n;0;0;1;0;0;0;0;0;1;0;0;1;0;0;2;2;2;2;-14.0;0
284;n_T280;808.0;833.0;n601b;n3300440;n;0;0;1;0;0;0;0;1;0;0;0;0;1;0;1;1;2;2;0.0;0
285;n_T281;816.0;841.0;n3300440;n601b;n;0;0;1;0;0;0;0;0;1;0;0;1;0;0;1;1;3;3;-34.0;0
286;n_T282;824.0;849.0;n601b;n3300440;n;0;0;1;0;0;0;0;1;0;0;0;0;1;0;1;1;2;2;12.0;1
287;n_T283;832.0;857.0;n3300440;n601b;n;0;0;1;0;0;0;0;0;1;0;0;1;0;0;1;1;2;2;6.0;1
288;n_T284;840.0;865.0;n601b;n3300440;n;0;0;1;0;0;0;0;1;0;0;0;0;1;0;3;3;2;2;32.0;1
289;n_T285;845.0;870.0;n3300440;n601b;n;0;0;1;0;0;0;0;0;1;0;0;1;0;0;3;3;2;2;-20.0;0
290;n_T286;850.0;875.0;n601b;n3300440;n;0;0;1;0;0;0;0;1;0;0;0;0;1;0;2;2;2;2;52.0;1
291;n_T287;855.0;880.0;n3300440;n601b;n;0;0;1;0;0;0;0;0;1;0;0;1;0;0;3;3;3;3;-40.0;0
292;n_T288;860.0;885.0;n601b;n3300440;n;0;0;1;0;0;0;0;1;0;0;0;0;1;0;2;2;3;3;-4.2348e-10;0
293;n_T289;865.0;890.0;n3300440;n601b;n;0;0;1;0;0;0;0;0;1;0;0;1;0;0;3;3;3;3;-18.0;0
294;n_T290;870.0;895.0;n601b;n3300440;n;0;0;1;0;0;0;0;1;0;0;0;0;1;0;3;3;3;3;20.0;1
295;n_T291;875.0;900.0;n3300440;n601b;n;0;0;1;0;0;0;0;0;1;0;0;1;0;0;3;3;3;3;-38.0;0
296;n_T292;880.0;905.0;n601b;n3300440;n;0;0;1;0;0;0;0;1;0;0;0;0;1;0;3;3;3;3;40.0;1
297;n_T293;885.0;910.0;n3300440;n601b;n;0;0;1;0;0;0;0;0;1;0;0;1;0;0;3;3;3;3;-34.0;0
298;n_T294;890.0;915.0;n601b;n3300440;n;0;0;1;0;0;0;0;1;0;0;0;0;1;0;2;2;3;3;18.0;1
299;n_T295;895.0;920.0;n3300440;n601b;n;0;0;1;0;0;0;0;0;1;0;0;1;0;0;3;2;3;3;-30.0;0
300;n_T296;901.0;926.0;n601b;n3300440;n;0;0;1;0;0;0;0;1;0;0;0;0;1;0;3;3;2;2;40.0;1
301;n_T297;907.0;932.0;n3300440;n601b;n;0;0;1;0;0;0;0;0;1;0;0;1;0;0;3;2;2;2;-2.22711e-11;0
302;n_T298;913.0;938.0;n601b;n3300440;n;0;0;1;0;0;0;0;1;0;0;0;0;1;0;3;3;2;2;48.0;1
303;n_T299;919.0;944.0;n3300440;n601b;n;0;0;1;0;0;0;0;0;1;0;0;1;0;0;2;2;2;2;18.0;1
304;n_T300;925.0;950.0;n601b;n3300440;n;0;0;1;0;0;0;0;1;0;0;0;0;1;0;3;3;4;3;48.0;1
305;n_T301;931.0;956.0;n3300440;n601b;n;0;0;1;0;0;0;0;0;1;0;0;1;0;0;3;2;3;3;18.0;1
306;n_T302;937.0;962.0;n601b;n3300440;n;0;0;1;0;0;0;0;1;0;0;0;0;1;0;3;3;4;3;28.0;1
307;n_T303;943.0;968.0;n3300440;n601b;n;0;0;1;0;0;0;0;0;1;0;0;1;0;0;3;2;3;3;18.0;1
308;n_T304;949.0;974.0;n601b;n3300440;n;0;0;1;0;0;0;0;1;0;0;0;0;1;0;3;3;3;3;10.0;1
309;n_T305;955.0;980.0;n3300440;n601b;n;0;0;1;0;0;0;0;0;1;0;0;1;0;0;3;2;3;3;18.0;1
310;n_T306;961.0;986.0;n601b;n3300440;n;0;0;1;0;0;0;0;1;0;0;0;0;1;0;2;2;4;3;18.0;1
311;n_T307;967.0;992.0;n3300440;n601b;n;0;0;1;0;0;0;0;0;1;0;0;1;0;0;4;2;3;3;10.0;1
312;n_T308;973.0;998.0;n601b;n3300440;n;0;0;1;0;0;0;0;1;0;0;0;0;1;0;2;2;4;3;18.0;1
313;n_T309;979.0;1004.0;n3300440;n601b;n;0;0;1;0;0;0;0;0;1;0;0;1;0;0;3;2;3;3;10.0;1
314;n_T310;985.0;1010.0;n601b;n3300440;n;0;0;1;0;0;0;0;1;0;0;0;0;1;0;2;2;4;2;24.0;1
315;n_T311;991.0;1016.0;n3300440;n601b;n;0;0;1;0;0;0;0;0;1;0;0;1;0;0;4;2;2;2;-22.0;0
316;n_T312;997.0;1022.0;n601b;n3300440;n;0;0;1;0;0;0;0;1;0;0;0;0;1;0;3;3;3;2;24.0;1
317;n_T313;1003.0;1028.0;n3300440;n601b;n;0;0;1;0;0;0;0;0;1;0;0;1;0;0;3;2;2;2;1.36744e-10;1
318;n_T314;1009.0;1034.0;n601b;n3300440;n;0;0;1;0;0;0;0;1;0;0;0;0;1;0;2;2;4;2;24.0;1
319;n_T315;1015.0;1040.0;n3300440;n601b;n;0;0;1;0;0;0;0;0;1;0;0;1;0;0;3;2;2;2;-8.0;0
320;n_T316;1023.0;1048.0;n601b;n3300440;n;0;0;1;0;0;0;0;1;0;0;0;0;1;0;2;2;5;3;58.0;1
321;n_T317;1031.0;1056.0;n3300440;n601b;n;0;0;1;0;0;0;0;0;1;0;0;1;0;0;3;2;2;2;-8.0;0
322;n_T318;1039.0;1064.0;n601b;n3300440;n;0;0;1;0;0;0;0;1;0;0;0;0;1;0;2;2;3;2;44.0;1
323;n_T319;1047.0;1072.0;n3300440;n601b;n;0;0;1;0;0;0;0;0;1;0;0;1;0;0;3;2;2;2;-14.0;0
324;n_T320;1055.0;1080.0;n601b;n3300440;n;0;0;1;0;0;0;0;1;0;0;0;0;1;0;2;2;3;2;28.0;1
325;n_T321;1063.0;1088.0;n3300440;n601b;n;0;0;1;0;0;0;0;0;1;0;0;1;0;0;3;2;2;2;-14.0;0
326;n_T322;1071.0;1096.0;n601b;n3300440;n;0;0;1;0;0;0;0;1;0;0;0;0;1;0;2;2;3;2;56.0;1
327;n_T323;1079.0;1104.0;n3300440;n601b;n;0;0;1;0;0;0;0;0;1;0;0;1;0;0;2;2;2;2;-22.0;0
328;n_T324;1087.0;1112.0;n601b;n3300440;n;0;0;1;0;0;0;0;1;0;0;0;0;1;0;2;2;3;2;56.0;1
329;n_T325;1095.0;1120.0;n3300440;n601b;n;0;0;1;0;0;0;0;0;1;0;0;1;0;0;2;2;2;2;-24.0;0
330;n_T326;1103.0;1128.0;n601b;n3300440;n;0;0;1;0;0;0;0;1;0;0;0;0;1;0;2;2;2;2;26.0;1
331;n_T327;1111.0;1136.0;n3300440;n601b;n;0;0;1;0;0;0;0;0;1;0;0;1;0;0;2;2;2;2;-24.0;0
332;n_T328;1119.0;1144.0;n601b;n3300440;n;0;0;1;0;0;0;0;1;0;0;0;0;1;0;2;2;3;2;40.0;1
333;n_T329;1127.0;1152.0;n3300440;n601b;n;0;0;1;0;0;0;0;0;1;0;0;1;0;0;2;2;2;2;-34.0;0
334;n_T330;1135.0;1160.0;n601b;n3300440;n;0;0;1;0;0;0;0;1;0;0;0;0;1;0;2;2;2;2;48.0;1
335;n_T331;1141.0;1166.0;n3300440;n601b;n;0;0;1;0;0;0;0;0;1;0;0;1;0;0;2;2;2;2;-38.0;0
336;n_T332;1147.0;1172.0;n601b;n3300440;n;0;0;1;0;0;0;0;1;0;0;0;0;1;0;2;2;2;2;48.0;1
337;n_T333;1153.0;1178.0;n3300440;n601b;n;0;0;1;0;0;0;0;0;1;0;0;1;0;0;2;2;2;2;-38.0;0
338;n_T334;1159.0;1184.0;n601b;n3300440;n;0;0;1;0;0;0;0;1;0;0;0;0;1;0;2;2;2;2;48.0;1
339;n_T335;1165.0;1190.0;n3300440;n601b;n;0;0;1;0;0;0;0;0;1;0;0;1;0;0;1;1;2;2;-30.0;0
340;n_T336;1171.0;1196.0;n601b;n3300440;n;0;0;1;0;0;0;0;1;0;0;0;0;1;0;0;0;1;1;48.0;1
341;n_T337;1177.0;1202.0;n3300440;n601b;n;0;0;1;0;0;0;0;0;1;0;0;1;0;0;1;1;1;1;-26.0;0
342;n_T338;1183.0;1208.0;n601b;n3300440;n;0;0;1;0;0;0;0;1;0;0;0;0;1;0;2;2;1;1;48.0;1
343;n_T339;1189.0;1214.0;n3300440;n601b;n;0;0;1;0;0;0;0;0;1;0;0;1;0;0;2;2;1;1;-46.0;0
344;n_T340;1195.0;1220.0;n601b;n3300440;n;0;0;1;0;0;0;0;1;0;0;0;0;1;0;3;3;2;2;40.0;1
345;n_T341;1200.0;1225.0;n3300440;n601b;n;0;0;1;0;0;0;0;0;1;0;0;1;0;0;3;3;2;2;-36.0;0
346;n_T342;1205.0;1230.0;n601b;n3300440;n;0;0;1;0;0;0;0;1;0;0;0;0;1;0;2;2;3;3;32.0;1
347;n_T343;1210.0;1235.0;n3300440;n601b;n;0;0;1;0;0;0;0;0;1;0;0;1;0;0;1;1;2;2;-26.0;0
348;n_T344;1215.0;1240.0;n601b;n3300440;n;0;0;1;0;0;0;0;1;0;0;0;0;1;0;3;3;2;2;48.0;1
349;n_T345;1220.0;1245.0;n3300440;n601b;n;0;0;1;0;0;0;0;0;1;0;0;1;0;0;3;3;2;2;-44.0;0
350;n_T346;1225.0;1250.0;n601b;n3300440;n;0;0;1;0;0;0;0;1;0;0;0;0;1;0;3;3;3;3;36.0;1
351;n_T347;1230.0;1255.0;n3300440;n601b;n;0;0;1;0;0;0;0;0;1;0;0;1;0;0;2;2;3;3;-36.0;0
352;n_T348;1235.0;1260.0;n601b;n3300440;n;0;0;1;0;0;0;0;1;0;0;0;0;1;0;1;1;2;2;26.0;1
353;n_T349;1240.0;1265.0;n3300440;n601b;n;0;0;1;0;0;0;0;0;1;0;0;1;0;0;2;2;1;1;-26.0;0
354;n_T350;1245.0;1270.0;n601b;n3300440;n;0;0;1;0;0;0;0;1;0;0;0;0;1;0;3;3;2;2;44.0;1
355;n_T351;1250.0;1275.0;n3300440;n601b;n;0;0;1;0;0;0;0;0;1;0;0;1;0;0;3;3;3;3;-44.0;0
356;n_T352;1255.0;1280.0;n601b;n3300440;n;0;0;1;0;0;0;0;1;0;0;0;0;1;0;3;3;3;3;36.0;1
357;n_T353;1260.0;1285.0;n3300440;n601b;n;0;0;1;0;0;0;0;0;1;0;0;1;0;0;2;2;2;2;-32.0;0
358;n_T354;1265.0;1290.0;n601b;n3300440;n;0;0;1;0;0;0;0;1;0;0;0;0;1;0;2;2;2;2;26.0;1
359;n_T355;1270.0;1295.0;n3300440;n601b;n;0;0;1;0;0;0;0;0;1;0;0;1;0;0;2;2;2;2;-52.0;0
360;n_T356;1275.0;1300.0;n601b;n3300440;n;0;0;1;0;0;0;0;1;0;0;0;0;1;0;3;3;3;3;44.0;1
361;n_T357;1280.0;1305.0;n3300440;n601b;n;0;0;1;0;0;0;0;0;1;0;0;1;0;0;3;3;3;3;-32.0;0
362;n_T358;1285.0;1310.0;n601b;n3300440;n;0;0;1;0;0;0;0;1;0;0;0;0;1;0;3;3;3;3;34.0;1
363;n_T359;1290.0;1315.0;n3300440;n601b;n;0;0;1;0;0;0;0;0;1;0;0;1;0;0;2;2;2;2;-26.0;0
364;n_T360;1295.0;1320.0;n601b;n3300440;n;0;0;1;0;0;0;0;1;0;0;0;0;1;0;3;3;3;3;54.0;1
365;n_T361;1300.0;1325.0;n3300440;n601b;n;0;0;1;0;0;0;0;0;1;0;0;1;0;0;3;3;3;3;-40.0;0
366;n_T362;1305.0;1330.0;n601b;n3300440;n;0;0;1;0;0;0;0;1;0;0;0;0;1;0;3;3;3;3;40.0;1
367;n_T363;1310.0;1335.0;n3300440;n601b;n;0;0;1;0;0;0;0;0;1;0;0;1;0;0;2;2;3;3;-30.0;0
368;n_T364;1315.0;1340.0;n601b;n3300440;n;0;0;1;0;0;0;0;1;0;0;0;0;1;0;2;2;2;2;38.0;1
369;n_T365;1323.0;1348.0;n3300440;n601b;n;0;0;1;0;0;0;0;0;1;0;0;1;0;0;2;2;1;1;-28.0;0
370;n_T366;1331.0;1356.0;n601b;n3300440;n;0;0;1;0;0;0;0;1;0;0;0;0;1;0;2;2;2;2;72.0;1
371;n_T367;1339.0;1364.0;n3300440;n601b;n;0;0;1;0;0;0;0;0;1;0;0;1;0;0;2;2;2;2;-28.0;0
372;n_T368;1347.0;1372.0;n601b;n3300440;n;0;0;1;0;0;0;0;1;0;0;0;0;1;0;2;2;2;2;54.0;1
373;n_T369;1355.0;1380.0;n3300440;n601b;n;0;0;1;0;0;0;0;0;1;0;0;1;0;0;2;2;2;2;-38.0;0
374;n_T370;1363.0;1388.0;n601b;n3300440;n;0;0;1;0;0;0;0;1;0;0;0;0;1;0;2;2;2;2;54.0;1
375;n_T371;1371.0;1396.0;n3300440;n601b;n;0;0;1;0;0;0;0;0;1;0;0;1;0;0;1;1;2;2;-38.0;0
376;n_T372;1379.0;1404.0;n601b;n3300440;n;0;0;1;0;0;0;0;1;0;0;0;0;1;0;0;0;2;2;62.0;1
377;n_T373;362.0;403.0;n3300440;n601b;n;0;0;1;0;0;0;0;0;1;0;0;1;0;0;3;3;2;2;56.0;1
378;n_T374;368.0;409.0;n601b;n3300440;n;0;0;1;0;0;0;0;1;0;0;0;0;1;0;3;3;4;3;-46.0;0
379;n_T375;374.0;415.0;n3300440;n601b;n;0;0;1;0;0;0;0;0;1;0;0;1;0;0;3;2;3;3;54.0;1
380;n_T376;380.0;421.0;n601b;n3300440;n;0;0;1;0;0;0;0;1;0;0;0;0;1;0;2;2;3;2;-36.0;0
381;n_T377;386.0;427.0;n3300440;n601b;n;0;0;1;0;0;0;0;0;1;0;0;1;0;0;4;3;2;2;56.0;1
382;n_T378;392.0;433.0;n601b;n3300440;n;0;0;1;0;0;0;0;1;0;0;0;0;1;0;3;3;3;3;-36.0;0
383;n_T379;398.0;439.0;n3300440;n601b;n;0;0;1;0;0;0;0;0;1;0;0;1;0;0;2;2;3;3;56.0;1
384;n_T380;404.0;445.0;n601b;n3300440;n;0;0;1;0;0;0;0;1;0;0;0;0;1;0;2;2;3;2;-24.0;0
385;n_T381;410.0;451.0;n3300440;n601b;n;0;0;1;0;0;0;0;0;1;0;0;1;0;0;6;5;3;3;58.0;1
386;n_T382;416.0;457.0;n601b;n3300440;n;0;0;1;0;0;0;0;1;0;0;0;0;1;0;5;5;5;4;56.0;1
387;n_T383;420.0;461.0;n3300440;n601b;n;0;0;1;0;0;0;0;0;1;0;0;1;0;0;7;5;5;5;60.0;1
388;n_T384;423.0;464.0;n601b;n3300440;n;0;0;1;0;0;0;0;1;0;0;0;0;1;0;5;5;5;4;972.0;1
389;n_T385;426.0;467.0;n3300440;n601b;n;0;0;1;0;0;0;0;0;1;0;0;1;0;0;7;5;4;4;56.0;1
390;n_T386;429.0;470.0;n601b;n3300440;n;0;0;1;0;0;0;0;1;0;0;0;0;1;0;4;4;5;4;982.0;1
391;n_T387;432.0;473.0;n3300440;n601b;n;0;0;1;0;0;0;0;0;1;0;0;1;0;0;6;4;4;4;1052.0;1
392;n_T388;435.0;476.0;n601b;n3300440;n;0;0;1;0;0;0;0;1;0;0;0;0;1;0;4;4;5;4;982.0;1
393;n_T389;438.0;479.0;n3300440;n601b;n;0;0;1;0;0;0;0;0;1;0;0;1;0;0;6;4;5;5;1046.0;1
394;n_T390;441.0;482.0;n601b;n3300440;n;0;0;1;0;0;0;0;1;0;0;0;0;1;0;4;4;6;5;980.0;1
395;n_T391;444.0;485.0;n3300440;n601b;n;0;0;1;0;0;0;0;0;1;0;0;1;0;0;7;5;5;5;1046.0;1
396;n_T392;447.0;488.0;n601b;n3300440;n;0;0;1;0;0;0;0;1;0;0;0;0;1;0;5;5;5;4;980.0;1
397;n_T393;450.0;491.0;n3300440;n601b;n;0;0;1;0;0;0;0;0;1;0;0;1;0;0;7;5;4;4;1020.0;1
398;n_T394;453.0;494.0;n601b;n3300440;n;0;0;1;0;0;0;0;1;0;0;0;0;1;0;4;4;5;4;976.0;1
399;n_T395;456.0;497.0;n3300440;n601b;n;0;0;1;0;0;0;0;0;1;0;0;1;0;0;6;4;4;4;1028.0;1
400;n_T396;459.0;500.0;n601b;n3300440;n;0;0;1;0;0;0;0;1;0;0;0;0;1;0;4;4;5;4;982.0;1
401;n_T397;462.0;503.0;n3300440;n601b;n;0;0;1;0;0;0;0;0;1;0;0;1;0;0;6;4;5;5;954.0;1
402;n_T398;465.0;506.0;n601b;n3300440;n;0;0;1;0;0;0;0;1;0;0;0;0;1;0;4;4;6;5;982.0;1
403;n_T399;468.0;509.0;n3300440;n601b;n;0;0;1;0;0;0;0;0;1;0;0;1;0;0;7;5;4;4;36.0;1
404;n_T400;471.0;512.0;n601b;n3300440;n;0;0;1;0;0;0;0;1;0;0;0;0;1;0;5;5;5;4;980.0;1
405;n_T401;474.0;515.0;n3300440;n601b;n;0;0;1;0;0;0;0;0;1;0;0;1;0;0;5;4;4;4;12.0;1
406;n_T402;477.0;518.0;n601b;n3300440;n;0;0;1;0;0;0;0;1;0;0;0;0;1;0;3;3;5;4;-10.0;0
407;n_T403;483.0;524.0;n3300440;n601b;n;0;0;1;0;0;0;0;0;1;0;0;1;0;0;2;2;3;3;-2.0;0
408;n_T404;489.0;530.0;n601b;n3300440;n;0;0;1;0;0;0;0;1;0;0;0;0;1;0;2;2;2;2;-10.0;0
409;n_T405;495.0;536.0;n3300440;n601b;n;0;0;1;0;0;0;0;0;1;0;0;1;0;0;3;2;2;2;-30.0;0
410;n_T406;501.0;542.0;n601b;n3300440;n;0;0;1;0;0;0;0;1;0;0;0;0;1;0;3;3;2;2;-2.0;0
411;n_T407;507.0;548.0;n3300440;n601b;n;0;0;1;0;0;0;0;0;1;0;0;1;0;0;2;2;2;2;6.0;1
412;n_T408;513.0;554.0;n601b;n3300440;n;0;0;1;0;0;0;0;1;0;0;0;0;1;0;2;2;2;2;-10.0;0
413;n_T409;519.0;560.0;n3300440;n601b;n;0;0;1;0;0;0;0;0;1;0;0;1;0;0;2;2;2;2;-18.0;0
414;n_T410;525.0;566.0;n601b;n3300440;n;0;0;1;0;0;0;0;1;0;0;0;0;1;0;2;2;4;3;8.0;1
415;n_T411;531.0;572.0;n3300440;n601b;n;0;0;1;0;0;0;0;0;1;0;0;1;0;0;3;3;2;2;2.0;1
416;n_T412;537.0;578.0;n601b;n3300440;n;0;0;1;0;0;0;0;1;0;0;0;0;1;0;4;4;3;3;32.0;1
417;n_T413;541.0;582.0;n3300440;n601b;n;0;0;1;0;0;0;0;0;1;0;0;1;0;0;3;3;3;3;2.0;1
418;n_T414;545.0;586.0;n601b;n3300440;n;0;0;1;0;0;0;0;1;0;0;0;0;1;0;3;3;4;4;48.0;1
419;n_T415;549.0;590.0;n3300440;n601b;n;0;0;1;0;0;0;0;0;1;0;0;1;0;0;3;3;3;3;6.0;1
420;n_T416;553.0;594.0;n601b;n3300440;n;0;0;1;0;0;0;0;1;0;0;0;0;1;0;3;3;3;3;4.0;1
421;n_T417;557.0;598.0;n3300440;n601b;n;0;0;1;0;0;0;0;0;1;0;0;1;0;0;3;3;3;3;6.0;1
422;n_T418;561.0;602.0;n601b;n3300440;n;0;0;1;0;0;0;0;1;0;0;0;0;1;0;4;4;3;3;20.0;1
423;n_T419;565.0;606.0;n3300440;n601b;n;0;0;1;0;0;0;0;0;1;0;0;1;0;0;3;3;3;3;12.0;1
424;n_T420;569.0;610.0;n601b;n3300440;n;0;0;1;0;0;0;0;1;0;0;0;0;1;0;3;3;3;3;36.0;1
425;n_T421;573.0;614.0;n3300440;n601b;n;0;0;1;0;0;0;0;0;1;0;0;1;0;0;3;3;3;3;0.0;0
426;n_T422;577.0;618.0;n601b;n3300440;n;0;0;1;0;0;0;0;1;0;0;0;0;1;0;4;4;4;4;8.0;1
427;n_T423;581.0;622.0;n3300440;n601b;n;0;0;1;0;0;0;0;0;1;0;0;1;0;0;3;3;3;3;6.0;1
428;n_T424;585.0;626.0;n601b;n3300440;n;0;0;1;0;0;0;0;1;0;0;0;0;1;0;3;3;4;4;4.0;1
429;n_T425;589.0;630.0;n3300440;n601b;n;0;0;1;0;0;0;0;0;1;0;0;1;0;0;3;3;3;3;2.0;1
430;n_T426;593.0;634.0;n601b;n3300440;n;0;0;1;0;0;0;0;1;0;0;0;0;1;0;3;3;3;3;1.00088e-10;1
431;n_T427;597.0;638.0;n3300440;n601b;n;0;0;1;0;0;0;0;0;1;0;0;1;0;0;3;3;3;3;0.0;0
432;n_T428;601.0;642.0;n601b;n3300440;n;0;0;1;0;0;0;0;1;0;0;0;0;1;0;3;3;2;2;4.76057e-11;1
433;n_T429;605.0;646.0;n3300440;n601b;n;0;0;1;0;0;0;0;0;1;0;0;1;0;0;3;3;3;3;0.0;0
434;n_T430;609.0;650.0;n601b;n3300440;n;0;0;1;0;0;0;0;1;0;0;0;0;1;0;3;3;3;3;-6.0;0
435;n_T431;613.0;654.0;n3300440;n601b;n;0;0;1;0;0;0;0;0;1;0;0;1;0;0;3;3;3;3;14.0;1
436;n_T432;617.0;658.0;n601b;n3300440;n;0;0;1;0;0;0;0;1;0;0;0;0;1;0;2;2;2;2;6.0;1
437;n_T433;621.0;662.0;n3300440;n601b;n;0;0;1;0;0;0;0;0;1;0;0;1;0;0;3;3;3;3;-2.0;0
438;n_T434;625.0;666.0;n601b;n3300440;n;0;0;1;0;0;0;0;1;0;0;0;0;1;0;3;3;4;4;0.0;0
439;n_T435;629.0;670.0;n3300440;n601b;n;0;0;1;0;0;0;0;0;1;0;0;1;0;0;3;3;3;3;14.0;1
440;n_T436;633.0;674.0;n601b;n3300440;n;0;0;1;0;0;0;0;1;0;0;0;0;1;0;2;2;2;2;4.0;1
441;n_T437;637.0;678.0;n3300440;n601b;n;0;0;1;0;0;0;0;0;1;0;0;1;0;0;3;3;3;3;4.0;1
442;n_T438;641.0;682.0;n601b;n3300440;n;0;0;1;0;0;0;0;1;0;0;0;0;1;0;4;4;3;3;6.0;1
443;n_T439;645.0;686.0;n3300440;n601b;n;0;0;1;0;0;0;0;0;1;0;0;1;0;0;3;3;3;3;0.0;0
444;n_T440;649.0;690.0;n601b;n3300440;n;0;0;1;0;0;0;0;1;0;0;0;0;1;0;2;2;2;2;6.0;1
445;n_T441;653.0;694.0;n3300440;n601b;n;0;0;1;0;0;0;0;0;1;0;0;1;0;0;3;3;2;2;4.0;1
446;n_T442;657.0;698.0;n601b;n3300440;n;0;0;1;0;0;0;0;1;0;0;0;0;1;0;3;3;3;3;-8.0;0
447;n_T443;661.0;702.0;n3300440;n601b;n;0;0;1;0;0;0;0;0;1;0;0;1;0;0;2;2;3;3;6.0;1
448;n_T444;665.0;706.0;n601b;n3300440;n;0;0;1;0;0;0;0;1;0;0;0;0;1;0;1;1;2;2;8.0;1
449;n_T445;669.0;710.0;n3300440;n601b;n;0;0;1;0;0;0;0;0;1;0;0;1;0;0;3;3;2;2;0.0;0
450;n_T446;673.0;714.0;n601b;n3300440;n;0;0;1;0;0;0;0;1;0;0;0;0;1;0;3;3;3;3;-8.0;0
451;n_T447;677.0;718.0;n3300440;n601b;n;0;0;1;0;0;0;0;0;1;0;0;1;0;0;2;2;3;3;0.0;0
452;n_T448;681.0;722.0;n601b;n3300440;n;0;0;1;0;0;0;0;1;0;0;0;0;1;0;1;1;2;2;0.0;0
453;n_T449;685.0;726.0;n3300440;n601b;n;0;0;1;0;0;0;0;0;1;0;0;1;0;0;3;3;2;2;0.0;0
454;n_T450;689.0;730.0;n601b;n3300440;n;0;0;1;0;0;0;0;1;0;0;0;0;1;0;3;3;3;3;6.0;1
455;n_T451;693.0;734.0;n3300440;n601b;n;0;0;1;0;0;0;0;0;1;0;0;1;0;0;2;2;3;3;8.0;1
456;n_T452;697.0;738.0;n601b;n3300440;n;0;0;1;0;0;0;0;1;0;0;0;0;1;0;1;1;2;2;0.0;0
457;n_T453;701.0;742.0;n3300440;n601b;n;0;0;1;0;0;0;0;0;1;0;0;1;0;0;3;3;2;2;0.0;0
458;n_T454;705.0;746.0;n601b;n3300440;n;0;0;1;0;0;0;0;1;0;0;0;0;1;0;3;3;3;3;0.0;0
459;n_T455;709.0;750.0;n3300440;n601b;n;0;0;1;0;0;0;0;0;1;0;0;1;0;0;2;2;3;3;8.0;1
460;n_T456;713.0;754.0;n601b;n3300440;n;0;0;1;0;0;0;0;1;0;0;0;0;1;0;0;0;2;2;0.0;0
461;n_T457;717.0;758.0;n3300440;n601b;n;0;0;1;0;0;0;0;0;1;0;0;1;0;0;2;2;2;2;0.0;0
462;n_T458;725.0;766.0;n601b;n3300440;n;0;0;1;0;0;0;0;1;0;0;0;0;1;0;2;2;1;1;14.0;1
463;n_T459;733.0;774.0;n3300440;n601b;n;0;0;1;0;0;0;0;0;1;0;0;1;0;0;2;2;1;1;0.0;0
464;n_T460;741.0;782.0;n601b;n3300440;n;0;0;1;0;0;0;0;1;0;0;0;0;1;0;2;2;1;1;6.0;1
465;n_T461;749.0;790.0;n3300440;n601b;n;0;0;1;0;0;0;0;0;1;0;0;1;0;0;2;2;1;1;-22.0;0
466;n_T462;757.0;798.0;n601b;n3300440;n;0;0;1;0;0;0;0;1;0;0;0;0;1;0;2;2;1;1;6.0;1
467;n_T463;765.0;806.0;n3300440;n601b;n;0;0;1;0;0;0;0;0;1;0;0;1;0;0;2;2;1;1;4.0;1
468;n_T464;773.0;814.0;n601b;n3300440;n;0;0;1;0;0;0;0;1;0;0;0;0;1;0;2;2;1;1;18.0;1
469;n_T465;781.0;822.0;n3300440;n601b;n;0;0;1;0;0;0;0;0;1;0;0;1;0;0;2;2;1;1;-8.0;0
470;n_T466;789.0;830.0;n601b;n3300440;n;0;0;1;0;0;0;0;1;0;0;0;0;1;0;2;2;1;1;20.0;1
471;n_T467;797.0;838.0;n3300440;n601b;n;0;0;1;0;0;0;0;0;1;0;0;1;0;0;2;2;1;1;-28.0;0
472;n_T468;805.0;846.0;n601b;n3300440;n;0;0;1;0;0;0;0;1;0;0;0;0;1;0;3;3;2;2;52.0;1
473;n_T469;813.0;854.0;n3300440;n601b;n;0;0;1;0;0;0;0;0;1;0;0;1;0;0;2;2;1;1;12.0;1
474;n_T470;821.0;862.0;n601b;n3300440;n;0;0;1;0;0;0;0;1;0;0;0;0;1;0;2;2;1;1;6.0;1
475;n_T471;829.0;870.0;n3300440;n601b;n;0;0;1;0;0;0;0;0;1;0;0;1;0;0;2;2;2;2;-20.0;0
476;n_T472;837.0;878.0;n601b;n3300440;n;0;0;1;0;0;0;0;1;0;0;0;0;1;0;2;2;2;2;38.0;1
477;n_T473;843.0;884.0;n3300440;n601b;n;0;0;1;0;0;0;0;0;1;0;0;1;0;0;2;2;2;2;-6.0;0
478;n_T474;849.0;890.0;n601b;n3300440;n;0;0;1;0;0;0;0;1;0;0;0;0;1;0;2;2;2;2;50.0;1
479;n_T475;855.0;896.0;n3300440;n601b;n;0;0;1;0;0;0;0;0;1;0;0;1;0;0;3;3;2;2;-30.0;0
480;n_T476;861.0;902.0;n601b;n3300440;n;0;0;1;0;0;0;0;1;0;0;0;0;1;0;2;2;2;2;2.0;1
481;n_T477;867.0;908.0;n3300440;n601b;n;0;0;1;0;0;0;0;0;1;0;0;1;0;0;2;2;2;2;-30.0;0
482;n_T478;873.0;914.0;n601b;n3300440;n;0;0;1;0;0;0;0;1;0;0;0;0;1;0;2;2;2;2;26.0;1
483;n_T479;879.0;920.0;n3300440;n601b;n;0;0;1;0;0;0;0;0;1;0;0;1;0;0;2;2;3;3;-30.0;0
484;n_T480;885.0;926.0;n601b;n3300440;n;0;0;1;0;0;0;0;1;0;0;0;0;1;0;2;2;2;2;8.0;1
485;n_T481;891.0;932.0;n3300440;n601b;n;0;0;1;0;0;0;0;0;1;0;0;1;0;0;4;3;2;2;-7.16227e-12;0
486;n_T482;897.0;938.0;n601b;n3300440;n;0;0;1;0;0;0;0;1;0;0;0;0;1;0;3;3;2;2;40.0;1
487;n_T483;900.0;941.0;n3300440;n601b;n;0;0;1;0;0;0;0;0;1;0;0;1;0;0;4;3;3;3;18.0;1
488;n_T484;903.0;944.0;n601b;n3300440;n;0;0;1;0;0;0;0;1;0;0;0;0;1;0;3;3;4;3;52.0;1
489;n_T485;906.0;947.0;n3300440;n601b;n;0;0;1;0;0;0;0;0;1;0;0;1;0;0;4;3;3;3;12.0;1
490;n_T486;909.0;950.0;n601b;n3300440;n;0;0;1;0;0;0;0;1;0;0;0;0;1;0;3;3;4;3;40.0;1
491;n_T487;912.0;953.0;n3300440;n601b;n;0;0;1;0;0;0;0;0;1;0;0;1;0;0;4;3;3;3;18.0;1
492;n_T488;915.0;956.0;n601b;n3300440;n;0;0;1;0;0;0;0;1;0;0;0;0;1;0;3;3;3;3;52.0;1
493;n_T489;918.0;959.0;n3300440;n601b;n;0;0;1;0;0;0;0;0;1;0;0;1;0;0;3;3;3;3;12.0;1
494;n_T490;921.0;962.0;n601b;n3300440;n;0;0;1;0;0;0;0;1;0;0;0;0;1;0;3;3;4;3;50.0;1
495;n_T491;924.0;965.0;n3300440;n601b;n;0;0;1;0;0;0;0;0;1;0;0;1;0;0;4;3;3;3;0.0;0
496;n_T492;927.0;968.0;n601b;n3300440;n;0;0;1;0;0;0;0;1;0;0;0;0;1;0;3;3;4;3;60.0;1
497;n_T493;930.0;971.0;n3300440;n601b;n;0;0;1;0;0;0;0;0;1;0;0;1;0;0;4;3;3;3;12.0;1
498;n_T494;933.0;974.0;n601b;n3300440;n;0;0;1;0;0;0;0;1;0;0;0;0;1;0;3;3;3;3;20.0;1
499;n_T495;936.0;977.0;n3300440;n601b;n;0;0;1;0;0;0;0;0;1;0;0;1;0;0;3;3;3;3;-3.88387e-11;0
500;n_T496;939.0;980.0;n601b;n3300440;n;0;0;1;0;0;0;0;1;0;0;0;0;1;0;3;3;4;3;26.0;1
501;n_T497;942.0;983.0;n3300440;n601b;n;0;0;1;0;0;0;0;0;1;0;0;1;0;0;4;3;3;3;12.0;1
502;n_T498;945.0;986.0;n601b;n3300440;n;0;0;1;0;0;0;0;1;0;0;0;0;1;0;3;3;4;3;10.0;1
503;n_T499;948.0;989.0;n3300440;n601b;n;0;0;1;0;0;0;0;0;1;0;0;1;0;0;4;3;3;3;0.0;0
504;n_T500;951.0;992.0;n601b;n3300440;n;0;0;1;0;0;0;0;1;0;0;0;0;1;0;3;3;4;3;14.0;1
505;n_T501;954.0;995.0;n3300440;n601b;n;0;0;1;0;0;0;0;0;1;0;0;1;0;0;4;3;3;3;12.0;1
506;n_T502;957.0;998.0;n601b;n3300440;n;0;0;1;0;0;0;0;1;0;0;0;0;1;0;3;3;4;3;10.0;1
507;n_T503;962.0;1003.0;n3300440;n601b;n;0;0;1;0;0;0;0;0;1;0;0;1;0;0;3;2;1;1;1.89756e-10;1
508;n_T504;967.0;1008.0;n601b;n3300440;n;0;0;1;0;0;0;0;1;0;0;0;0;1;0;3;3;5;3;32.0;1
509;n_T505;972.0;1013.0;n3300440;n601b;n;0;0;1;0;0;0;0;0;1;0;0;1;0;0;4;3;3;3;-6.0;0
510;n_T506;977.0;1018.0;n601b;n3300440;n;0;0;1;0;0;0;0;1;0;0;0;0;1;0;3;3;5;3;32.0;1
511;n_T507;982.0;1023.0;n3300440;n601b;n;0;0;1;0;0;0;0;0;1;0;0;1;0;0;5;3;3;3;-26.0;0
512;n_T508;987.0;1028.0;n601b;n3300440;n;0;0;1;0;0;0;0;1;0;0;0;0;1;0;3;3;4;3;22.0;1
513;n_T509;992.0;1033.0;n3300440;n601b;n;0;0;1;0;0;0;0;0;1;0;0;1;0;0;4;2;3;3;-10.0;0
514;n_T510;997.0;1038.0;n601b;n3300440;n;0;0;1;0;0;0;0;1;0;0;0;0;1;0;3;3;4;3;32.0;1
515;n_T511;1002.0;1043.0;n3300440;n601b;n;0;0;1;0;0;0;0;0;1;0;0;1;0;0;4;3;3;3;3.88326e-10;1
516;n_T512;1007.0;1048.0;n601b;n3300440;n;0;0;1;0;0;0;0;1;0;0;0;0;1;0;3;3;5;3;28.0;1
517;n_T513;1012.0;1053.0;n3300440;n601b;n;0;0;1;0;0;0;0;0;1;0;0;1;0;0;4;3;2;2;-10.0;0
518;n_T514;1017.0;1058.0;n601b;n3300440;n;0;0;1;0;0;0;0;1;0;0;0;0;1;0;3;3;5;3;46.0;1
519;n_T515;1022.0;1063.0;n3300440;n601b;n;0;0;1;0;0;0;0;0;1;0;0;1;0;0;3;2;2;2;-28.0;0
520;n_T516;1027.0;1068.0;n601b;n3300440;n;0;0;1;0;0;0;0;1;0;0;0;0;1;0;2;2;4;3;68.0;1
521;n_T517;1032.0;1073.0;n3300440;n601b;n;0;0;1;0;0;0;0;0;1;0;0;1;0;0;3;2;3;3;-10.0;0
522;n_T518;1037.0;1078.0;n601b;n3300440;n;0;0;1;0;0;0;0;1;0;0;0;0;1;0;3;3;3;2;42.0;1
523;n_T519;1042.0;1083.0;n3300440;n601b;n;0;0;1;0;0;0;0;0;1;0;0;1;0;0;4;3;2;2;-36.0;0
524;n_T520;1047.0;1088.0;n601b;n3300440;n;0;0;1;0;0;0;0;1;0;0;0;0;1;0;3;3;4;3;32.0;1
525;n_T521;1052.0;1093.0;n3300440;n601b;n;0;0;1;0;0;0;0;0;1;0;0;1;0;0;3;2;3;3;-14.0;0
526;n_T522;1057.0;1098.0;n601b;n3300440;n;0;0;1;0;0;0;0;1;0;0;0;0;1;0;2;2;4;3;28.0;1
527;n_T523;1062.0;1103.0;n3300440;n601b;n;0;0;1;0;0;0;0;0;1;0;0;1;0;0;4;3;2;2;-14.0;0
528;n_T524;1067.0;1108.0;n601b;n3300440;n;0;0;1;0;0;0;0;1;0;0;0;0;1;0;3;3;3;2;48.0;1
529;n_T525;1072.0;1113.0;n3300440;n601b;n;0;0;1;0;0;0;0;0;1;0;0;1;0;0;3;2;3;3;-24.0;0
530;n_T526;1077.0;1118.0;n601b;n3300440;n;0;0;1;0;0;0;0;1;0;0;0;0;1;0;2;2;3;3;36.0;1
531;n_T527;1083.0;1124.0;n3300440;n601b;n;0;0;1;0;0;0;0;0;1;0;0;1;0;0;1;1;2;2;-22.0;0
532;n_T528;1089.0;1130.0;n601b;n3300440;n;0;0;1;0;0;0;0;1;0;0;0;0;1;0;1;1;2;2;28.0;1
533;n_T529;1095.0;1136.0;n3300440;n601b;n;0;0;1;0;0;0;0;0;1;0;0;1;0;0;2;2;2;2;-24.0;0
534;n_T530;1101.0;1142.0;n601b;n3300440;n;0;0;1;0;0;0;0;1;0;0;0;0;1;0;2;2;2;1;28.0;1
535;n_T531;1107.0;1148.0;n3300440;n601b;n;0;0;1;0;0;0;0;0;1;0;0;1;0;0;2;2;1;1;-24.0;0
536;n_T532;1113.0;1154.0;n601b;n3300440;n;0;0;1;0;0;0;0;1;0;0;0;0;1;0;2;2;2;2;28.0;1
537;n_T533;1119.0;1160.0;n3300440;n601b;n;0;0;1;0;0;0;0;0;1;0;0;1;0;0;3;2;2;2;-24.0;0
538;n_T534;1125.0;1166.0;n601b;n3300440;n;0;0;1;0;0;0;0;1;0;0;0;0;1;0;2;2;2;2;28.0;1
539;n_T535;1131.0;1172.0;n3300440;n601b;n;0;0;1;0;0;0;0;0;1;0;0;1;0;0;1;1;1;1;-26.0;0
540;n_T536;1137.0;1178.0;n601b;n3300440;n;0;0;1;0;0;0;0;1;0;0;0;0;1;0;1;1;1;1;28.0;1
541;n_T537;1145.0;1186.0;n3300440;n601b;n;0;0;1;0;0;0;0;0;1;0;0;1;0;0;1;1;1;1;-26.0;0
542;n_T538;1153.0;1194.0;n601b;n3300440;n;0;0;1;0;0;0;0;1;0;0;0;0;1;0;1;1;1;1;36.0;1
543;n_T539;1161.0;1202.0;n3300440;n601b;n;0;0;1;0;0;0;0;0;1;0;0;1;0;0;1;1;1;1;-26.0;0
544;n_T540;1169.0;1210.0;n601b;n3300440;n;0;0;1;0;0;0;0;1;0;0;0;0;1;0;1;1;1;1;44.0;1
545;n_T541;1177.0;1218.0;n3300440;n601b;n;0;0;1;0;0;0;0;0;1;0;0;1;0;0;1;1;1;1;-26.0;0
546;n_T542;1185.0;1226.0;n601b;n3300440;n;0;0;1;0;0;0;0;1;0;0;0;0;1;0;1;1;1;1;52.0;1
547;n_T543;1193.0;1234.0;n3300440;n601b;n;0;0;1;0;0;0;0;0;1;0;0;1;0;0;1;1;1;1;-26.0;0
548;n_T544;1201.0;1242.0;n601b;n3300440;n;0;0;1;0;0;0;0;1;0;0;0;0;1;0;1;1;1;1;52.0;1
549;n_T545;1209.0;1250.0;n3300440;n601b;n;0;0;1;0;0;0;0;0;1;0;0;1;0;0;1;1;1;1;-26.0;0
550;n_T546;1217.0;1258.0;n601b;n3300440;n;0;0;1;0;0;0;0;1;0;0;0;0;1;0;1;1;1;1;52.0;1
551;n_T547;1225.0;1266.0;n3300440;n601b;n;0;0;1;0;0;0;0;0;1;0;0;1;0;0;1;1;1;1;-26.0;0
552;n_T548;1233.0;1274.0;n601b;n3300440;n;0;0;1;0;0;0;0;1;0;0;0;0;1;0;1;1;1;1;52.0;1
553;n_T549;1241.0;1282.0;n3300440;n601b;n;0;0;1;0;0;0;0;0;1;0;0;1;0;0;1;1;1;1;-26.0;0
554;n_T550;1249.0;1290.0;n601b;n3300440;n;0;0;1;0;0;0;0;1;0;0;0;0;1;0;1;1;2;2;52.0;1
555;n_T551;1257.0;1298.0;n3300440;n601b;n;0;0;1;0;0;0;0;0;1;0;0;1;0;0;1;1;1;1;-26.0;0
556;n_T552;1263.0;1304.0;n601b;n3300440;n;0;0;1;0;0;0;0;1;0;0;0;0;1;0;2;2;2;2;54.0;1
557;n_T553;1269.0;1310.0;n3300440;n601b;n;0;0;1;0;0;0;0;0;1;0;0;1;0;0;2;2;2;2;-42.0;0
558;n_T554;1275.0;1316.0;n601b;n3300440;n;0;0;1;0;0;0;0;1;0;0;0;0;1;0;3;3;2;2;46.0;1
559;n_T555;1281.0;1322.0;n3300440;n601b;n;0;0;1;0;0;0;0;0;1;0;0;1;0;0;2;2;2;2;-34.0;0
560;n_T556;1287.0;1328.0;n601b;n3300440;n;0;0;1;0;0;0;0;1;0;0;0;0;1;0;2;2;2;2;48.0;1
561;n_T557;1293.0;1334.0;n3300440;n601b;n;0;0;1;0;0;0;0;0;1;0;0;1;0;0;2;2;2;2;-26.0;0
562;n_T558;1299.0;1340.0;n601b;n3300440;n;0;0;1;0;0;0;0;1;0;0;0;0;1;0;1;1;2;2;40.0;1
563;n_T559;1305.0;1346.0;n3300440;n601b;n;0;0;1;0;0;0;0;0;1;0;0;1;0;0;1;1;0;0;-26.0;0
564;n_T560;1311.0;1352.0;n601b;n3300440;n;0;0;1;0;0;0;0;1;0;0;0;0;1;0;2;2;1;1;62.0;1
565;n_T561;1317.0;1358.0;n3300440;n601b;n;0;0;1;0;0;0;0;0;1;0;0;1;0;0;2;2;2;2;-26.0;0
566;n_T562;1325.0;1366.0;n601b;n3300440;n;0;0;1;0;0;0;0;1;0;0;0;0;1;0;2;2;2;2;54.0;1
567;n_T563;1333.0;1374.0;n3300440;n601b;n;0;0;1;0;0;0;0;0;1;0;0;1;0;0;2;2;2;2;-28.0;0
568;n_T564;1341.0;1382.0;n601b;n3300440;n;0;0;1;0;0;0;0;1;0;0;0;0;1;0;2;2;2;2;66.0;1
569;n_T565;1349.0;1390.0;n3300440;n601b;n;0;0;1;0;0;0;0;0;1;0;0;1;0;0;2;2;2;2;-28.0;0
570;n_T566;1357.0;1398.0;n601b;n3300440;n;0;0;1;0;0;0;0;1;0;0;0;0;1;0;2;2;2;2;66.0;1
571;n_T567;1365.0;1406.0;n3300440;n601b;n;0;0;1;0;0;0;0;0;1;0;0;1;0;0;2;2;2;2;-38.0;0
572;n_T568;1373.0;1414.0;n601b;n3300440;n;0;0;1;0;0;0;0;1;0;0;0;0;1;0;2;2;2;2;66.0;1
573;n_T569;361.0;397.0;n3300440;n3400167;n;0;0;1;0;0;0;0;0;1;0;0;0;0;1;4;0;0;0;12.0;1
574;n_T570;369.0;405.0;n3400167;n3300440;n;0;0;1;0;0;0;0;0;0;1;0;0;1;0;0;0;2;0;-4.0;0
575;n_T571;377.0;413.0;n3300440;n3400167;n;0;0;1;0;0;0;0;0;1;0;0;0;0;1;3;0;0;0;14.0;1
576;n_T572;385.0;421.0;n3400167;n3300440;n;0;0;1;0;0;0;0;0;0;1;0;0;1;0;0;0;3;0;12.0;1
577;n_T573;393.0;429.0;n3300440;n3400167;n;0;0;1;0;0;0;0;0;1;0;0;0;0;1;3;0;0;0;16.0;1
578;n_T574;401.0;437.0;n3400167;n3300440;n;0;0;1;0;0;0;0;0;0;1;0;0;1;0;0;0;4;0;4.0;1
579;n_T575;409.0;445.0;n3300440;n3400167;n;0;0;1;0;0;0;0;0;1;0;0;0;0;1;3;0;0;0;2.0;1
580;n_T576;417.0;453.0;n3400167;n3300440;n;0;0;1;0;0;0;0;0;0;1;0;0;1;0;1;1;3;0;16.0;1
581;n_T577;420.0;456.0;n3300440;n3400167;n;0;0;1;0;0;0;0;0;1;0;0;0;0;1;7;1;0;0;12.0;1
582;n_T578;423.0;459.0;n3400167;n3300440;n;0;0;1;0;0;0;0;0;0;1;0;0;1;0;1;1;5;1;100.0;1
583;n_T579;426.0;462.0;n3300440;n3400167;n;0;0;1;0;0;0;0;0;1;0;0;0;0;1;7;1;1;1;10.0;1
584;n_T580;429.0;465.0;n3400167;n3300440;n;0;0;1;0;0;0;0;0;0;1;0;0;1;0;1;1;6;1;1006.0;1
585;n_T581;432.0;468.0;n3300440;n3400167;n;0;0;1;0;0;0;0;0;1;0;0;0;0;1;6;1;1;1;60.0;1
586;n_T582;435.0;471.0;n3400167;n3300440;n;0;0;1;0;0;0;0;0;0;1;0;0;1;0;1;1;5;1;1030.0;1
587;n_T583;438.0;474.0;n3300440;n3400167;n;0;0;1;0;0;0;0;0;1;0;0;0;0;1;6;1;1;1;972.0;1
588;n_T584;441.0;477.0;n3400167;n3300440;n;0;0;1;0;0;0;0;0;0;1;0;0;1;0;1;1;5;1;1030.0;1
589;n_T585;444.0;480.0;n3300440;n3400167;n;0;0;1;0;0;0;0;0;1;0;0;0;0;1;7;1;1;1;1080.0;1
590;n_T586;447.0;483.0;n3400167;n3300440;n;0;0;1;0;0;0;0;0;0;1;0;0;1;0;1;1;6;1;1026.0;1
591;n_T587;450.0;486.0;n3300440;n3400167;n;0;0;1;0;0;0;0;0;1;0;0;0;0;1;7;1;1;1;1066.0;1
592;n_T588;453.0;489.0;n3400167;n3300440;n;0;0;1;0;0;0;0;0;0;1;0;0;1;0;1;1;6;1;1030.0;1
593;n_T589;456.0;492.0;n3300440;n3400167;n;0;0;1;0;0;0;0;0;1;0;0;0;0;1;6;1;1;1;1070.0;1
594;n_T590;459.0;495.0;n3400167;n3300440;n;0;0;1;0;0;0;0;0;0;1;0;0;1;0;1;1;5;1;1028.0;1
595;n_T591;462.0;498.0;n3300440;n3400167;n;0;0;1;0;0;0;0;0;1;0;0;0;0;1;6;1;1;1;988.0;1
596;n_T592;465.0;501.0;n3400167;n3300440;n;0;0;1;0;0;0;0;0;0;1;0;0;1;0;1;1;5;1;1024.0;1
597;n_T593;468.0;504.0;n3300440;n3400167;n;0;0;1;0;0;0;0;0;1;0;0;0;0;1;7;1;1;1;70.0;1
598;n_T594;471.0;507.0;n3400167;n3300440;n;0;0;1;0;0;0;0;0;0;1;0;0;1;0;1;1;6;1;980.0;1
599;n_T595;474.0;510.0;n3300440;n3400167;n;0;0;1;0;0;0;0;0;1;0;0;0;0;1;5;0;1;1;46.0;1
600;n_T596;477.0;513.0;n3400167;n3300440;n;0;0;1;0;0;0;0;0;0;1;0;0;1;0;0;0;5;1;62.0;1
601;n_T597;501.0;537.0;n3300440;n3400167;n;0;0;1;0;0;0;0;0;1;0;0;0;0;1;3;0;0;0;52.0;1
602;n_T598;525.0;561.0;n3400167;n3300440;n;0;0;1;0;0;0;0;0;0;1;0;0;1;0;0;0;3;0;-10.0;0
603;n_T599;900.0;936.0;n3300440;n3400167;n;0;0;1;0;0;0;0;0;1;0;0;0;0;1;4;0;0;0;0.0;0
604;n_T600;908.0;944.0;n3400167;n3300440;n;0;0;1;0;0;0;0;0;0;1;0;0;1;0;0;0;4;0;60.0;1
605;n_T601;916.0;952.0;n3300440;n3400167;n;0;0;1;0;0;0;0;0;1;0;0;0;0;1;4;0;0;0;-22.0;0
606;n_T602;924.0;960.0;n3400167;n3300440;n;0;0;1;0;0;0;0;0;0;1;0;0;1;0;0;0;4;0;60.0;1
607;n_T603;932.0;968.0;n3300440;n3400167;n;0;0;1;0;0;0;0;0;1;0;0;0;0;1;3;0;0;0;-6.0;0
608;n_T604;940.0;976.0;n3400167;n3300440;n;0;0;1;0;0;0;0;0;0;1;0;0;1;0;0;0;4;0;22.0;1
609;n_T605;948.0;984.0;n3300440;n3400167;n;0;0;1;0;0;0;0;0;1;0;0;0;0;1;4;0;0;0;0.0;0
610;n_T606;956.0;992.0;n3400167;n3300440;n;0;0;1;0;0;0;0;0;0;1;0;0;1;0;1;1;4;0;48.0;1
611;n_T607;960.0;996.0;n3300440;n3400167;n;0;0;1;0;0;0;0;0;1;0;0;0;0;1;4;1;0;0;0.0;0
612;n_T608;964.0;1000.0;n3400167;n3300440;n;0;0;1;0;0;0;0;0;0;1;0;0;1;0;1;1;5;1;68.0;1
613;n_T609;968.0;1004.0;n3300440;n3400167;n;0;0;1;0;0;0;0;0;1;0;0;0;0;1;3;1;1;1;0.0;0
614;n_T610;972.0;1008.0;n3400167;n3300440;n;0;0;1;0;0;0;0;0;0;1;0;0;1;0;1;1;5;1;42.0;1
615;n_T611;976.0;1012.0;n3300440;n3400167;n;0;0;1;0;0;0;0;0;1;0;0;0;0;1;4;1;1;1;0.0;0
616;n_T612;980.0;1016.0;n3400167;n3300440;n;0;0;1;0;0;0;0;0;0;1;0;0;1;0;1;1;4;1;62.0;1
617;n_T613;984.0;1020.0;n3300440;n3400167;n;0;0;1;0;0;0;0;0;1;0;0;0;0;1;4;1;1;1;36.0;1
618;n_T614;988.0;1024.0;n3400167;n3300440;n;0;0;1;0;0;0;0;0;0;1;0;0;1;0;1;1;4;1;40.0;1
619;n_T615;992.0;1028.0;n3300440;n3400167;n;0;0;1;0;0;0;0;0;1;0;0;0;0;1;4;1;1;1;36.0;1
620;n_T616;996.0;1032.0;n3400167;n3300440;n;0;0;1;0;0;0;0;0;0;1;0;0;1;0;1;1;4;1;18.0;1
621;n_T617;1000.0;1036.0;n3300440;n3400167;n;0;0;1;0;0;0;0;0;1;0;0;0;0;1;4;1;1;1;34.0;1
622;n_T618;1004.0;1040.0;n3400167;n3300440;n;0;0;1;0;0;0;0;0;0;1;0;0;1;0;1;1;4;1;20.0;1
623;n_T619;1008.0;1044.0;n3300440;n3400167;n;0;0;1;0;0;0;0;0;1;0;0;0;0;1;4;1;1;1;18.0;1
624;n_T620;1012.0;1048.0;n3400167;n3300440;n;0;0;1;0;0;0;0;0;0;1;0;0;1;0;1;1;5;1;26.0;1
625;n_T621;1016.0;1052.0;n3300440;n3400167;n;0;0;1;0;0;0;0;0;1;0;0;0;0;1;2;0;1;1;18.0;1
626;n_T622;1022.0;1058.0;n3400167;n3300440;n;0;0;1;0;0;0;0;0;0;1;0;0;1;0;0;0;5;1;0.0;0
627;n_T623;1028.0;1064.0;n3300440;n3400167;n;0;0;1;0;0;0;0;0;1;0;0;0;0;1;3;0;0;0;0.0;0
628;n_T624;1034.0;1070.0;n3400167;n3300440;n;0;0;1;0;0;0;0;0;0;1;0;0;1;0;0;0;3;0;0.0;0
629;n_T625;1040.0;1076.0;n3300440;n3400167;n;0;0;1;0;0;0;0;0;1;0;0;0;0;1;3;0;0;0;30.0;1
630;n_T626;1046.0;1082.0;n3400167;n3300440;n;0;0;1;0;0;0;0;0;0;1;0;0;1;0;0;0;3;0;0.0;0
631;n_T627;1052.0;1088.0;n3300440;n3400167;n;0;0;1;0;0;0;0;0;1;0;0;0;0;1;3;0;0;0;34.0;1
632;n_T628;1058.0;1094.0;n3400167;n3300440;n;0;0;1;0;0;0;0;0;0;1;0;0;1;0;0;0;2;0;4.0;1
633;n_T629;1064.0;1100.0;n3300440;n3400167;n;0;0;1;0;0;0;0;0;1;0;0;0;0;1;2;0;0;0;4.0;1
634;n_T630;1070.0;1106.0;n3400167;n3300440;n;0;0;1;0;0;0;0;0;0;1;0;0;1;0;0;0;3;0;30.0;1
635;n_T631;1076.0;1112.0;n3300440;n3400167;n;0;0;1;0;0;0;0;0;1;0;0;0;0;1;3;0;0;0;26.0;1
636;n_T632;1100.0;1136.0;n3400167;n3300440;n;0;0;1;0;0;0;0;0;0;1;0;0;1;0;0;0;3;0;0.0;0
637;n_T633;1124.0;1160.0;n3300440;n3400167;n;0;0;1;0;0;0;0;0;1;0;0;0;0;1;3;0;0;0;24.0;1
638;w_H0_P0;270.0;270.0;n3300440;n3300440;w;0;0;0;1;0;0;0;0;1;0;0;0;1;0;0;0;0;0;0.0;0
639;c_H0_P0;270.0;270.0;n3300440;n3300440;c;0;0;0;0;1;0;0;0;1;0;0;0;1;0;0;0;0;0;0.0;0
640;w_H0_P1;285.0;285.0;n3300440;n3300440;w;0;0;0;1;0;0;0;0;1;0;0;0;1;0;0;0;0;0;0.0;0
641;c_H0_P1;285.0;285.0;n3300440;n3300440;c;0;0;0;0;1;0;0;0;1;0;0;0;1;0;0;0;0;0;0.0;0
642;w_H0_P2;300.0;300.0;n3300440;n3300440;w;0;0;0;1;0;0;0;0;1;0;0;0;1;0;0;0;0;0;0.0;0
643;c_H0_P2;300.0;300.0;n3300440;n3300440;c;0;0;0;0;1;0;0;0;1;0;0;0;1;0;0;0;0;0;0.0;0
644;w_H0_P3;315.0;315.0;n3300440;n3300440;w;0;0;0;1;0;0;0;0;1;0;0;0;1;0;0;0;0;0;0.0;0
645;c_H0_P3;315.0;315.0;n3300440;n3300440;c;0;0;0;0;1;0;0;0;1;0;0;0;1;0;0;0;0;0;0.0;0
646;w_H0_P4;330.0;330.0;n3300440;n3300440;w;0;0;0;1;0;0;0;0;1;0;0;0;1;0;0;0;0;0;0.0;0
647;c_H0_P4;330.0;330.0;n3300440;n3300440;c;0;0;0;0;1;0;0;0;1;0;0;0;1;0;0;0;0;0;0.0;0
648;w_H0_P5;345.0;345.0;n3300440;n3300440;w;0;0;0;1;0;0;0;0;1;0;0;0;1;0;0;0;0;0;0.0;0
649;c_H0_P5;345.0;345.0;n3300440;n3300440;c;0;0;0;0;1;0;0;0;1;0;0;0;1;0;0;0;0;0;0.0;0
650;w_H0_P6;360.0;360.0;n3300440;n3300440;w;0;0;0;1;0;0;0;0;1;0;0;0;1;0;0;0;0;0;0.0;0
651;c_H0_P6;360.0;360.0;n3300440;n3300440;c;0;0;0;0;1;0;0;0;1;0;0;0;1;0;0;0;0;0;0.0;0
652;w_H0_P7;375.0;375.0;n3300440;n3300440;w;0;0;0;1;0;0;0;0;1;0;0;0;1;0;0;0;0;0;0.0;0
653;c_H0_P7;375.0;375.0;n3300440;n3300440;c;0;0;0;0;1;0;0;0;1;0;0;0;1;0;0;0;0;0;0.0;0
654;w_H0_P8;390.0;390.0;n3300440;n3300440;w;0;0;0;1;0;0;0;0;1;0;0;0;1;0;0;0;0;0;0.0;0
655;c_H0_P8;390.0;390.0;n3300440;n3300440;c;0;0;0;0;1;0;0;0;1;0;0;0;1;0;0;0;0;0;0.0;0
656;w_H0_P9;405.0;405.0;n3300440;n3300440;w;0;0;0;1;0;0;0;0;1;0;0;0;1;0;0;0;0;0;0.0;0
657;c_H0_P9;405.0;405.0;n3300440;n3300440;c;0;0;0;0;1;0;0;0;1;0;0;0;1;0;0;0;0;0;0.0;0
658;w_H0_P10;420.0;420.0;n3300440;n3300440;w;0;0;0;1;0;0;0;0;1;0;0;0;1;0;0;0;0;0;0.0;0
659;c_H0_P10;420.0;420.0;n3300440;n3300440;c;0;0;0;0;1;0;0;0;1;0;0;0;1;0;0;0;0;0;0.0;0
660;w_H0_P11;435.0;435.0;n3300440;n3300440;w;0;0;0;1;0;0;0;0;1;0;0;0;1;0;0;0;0;0;0.0;0
661;c_H0_P11;435.0;435.0;n3300440;n3300440;c;0;0;0;0;1;0;0;0;1;0;0;0;1;0;0;0;0;0;0.0;0
662;w_H0_P12;450.0;450.0;n3300440;n3300440;w;0;0;0;1;0;0;0;0;1;0;0;0;1;0;0;0;0;0;0.0;0
663;c_H0_P12;450.0;450.0;n3300440;n3300440;c;0;0;0;0;1;0;0;0;1;0;0;0;1;0;0;0;0;0;0.0;0
664;w_H0_P13;465.0;465.0;n3300440;n3300440;w;0;0;0;1;0;0;0;0;1;0;0;0;1;0;0;0;0;0;0.0;0
665;c_H0_P13;465.0;465.0;n3300440;n3300440;c;0;0;0;0;1;0;0;0;1;0;0;0;1;0;0;0;0;0;0.0;0
666;w_H0_P14;480.0;480.0;n3300440;n3300440;w;0;0;0;1;0;0;0;0;1;0;0;0;1;0;0;0;0;0;0.0;0
667;c_H0_P14;480.0;480.0;n3300440;n3300440;c;0;0;0;0;1;0;0;0;1;0;0;0;1;0;0;0;0;0;0.0;0
668;w_H0_P15;495.0;495.0;n3300440;n3300440;w;0;0;0;1;0;0;0;0;1;0;0;0;1;0;0;0;0;0;0.0;0
669;c_H0_P15;495.0;495.0;n3300440;n3300440;c;0;0;0;0;1;0;0;0;1;0;0;0;1;0;0;0;0;0;0.0;0
670;w_H0_P16;510.0;510.0;n3300440;n3300440;w;0;0;0;1;0;0;0;0;1;0;0;0;1;0;0;0;0;0;0.0;0
671;c_H0_P16;510.0;510.0;n3300440;n3300440;c;0;0;0;0;1;0;0;0;1;0;0;0;1;0;0;0;0;0;0.0;0
672;w_H0_P17;525.0;525.0;n3300440;n3300440;w;0;0;0;1;0;0;0;0;1;0;0;0;1;0;0;0;0;0;0.0;0
673;c_H0_P17;525.0;525.0;n3300440;n3300440;c;0;0;0;0;1;0;0;0;1;0;0;0;1;0;0;0;0;0;0.0;0
674;w_H0_P18;540.0;540.0;n3300440;n3300440;w;0;0;0;1;0;0;0;0;1;0;0;0;1;0;0;0;0;0;0.0;0
675;c_H0_P18;540.0;540.0;n3300440;n3300440;c;0;0;0;0;1;0;0;0;1;0;0;0;1;0;0;0;0;0;0.0;0
676;w_H0_P19;555.0;555.0;n3300440;n3300440;w;0;0;0;1;0;0;0;0;1;0;0;0;1;0;0;0;0;0;0.0;0
677;c_H0_P19;555.0;555.0;n3300440;n3300440;c;0;0;0;0;1;0;0;0;1;0;0;0;1;0;0;0;0;0;0.0;0
678;w_H0_P20;570.0;570.0;n3300440;n3300440;w;0;0;0;1;0;0;0;0;1;0;0;0;1;0;0;0;0;0;0.0;0
679;c_H0_P20;570.0;570.0;n3300440;n3300440;c;0;0;0;0;1;0;0;0;1;0;0;0;1;0;0;0;0;0;0.0;0
680;w_H0_P21;585.0;585.0;n3300440;n3300440;w;0;0;0;1;0;0;0;0;1;0;0;0;1;0;0;0;0;0;0.0;0
681;c_H0_P21;585.0;585.0;n3300440;n3300440;c;0;0;0;0;1;0;0;0;1;0;0;0;1;0;0;0;0;0;0.0;0
682;w_H0_P22;600.0;600.0;n3300440;n3300440;w;0;0;0;1;0;0;0;0;1;0;0;0;1;0;0;0;0;0;0.0;0
683;c_H0_P22;600.0;600.0;n3300440;n3300440;c;0;0;0;0;1;0;0;0;1;0;0;0;1;0;0;0;0;0;0.0;0
684;w_H0_P23;615.0;615.0;n3300440;n3300440;w;0;0;0;1;0;0;0;0;1;0;0;0;1;0;0;0;0;0;0.0;0
685;c_H0_P23;615.0;615.0;n3300440;n3300440;c;0;0;0;0;1;0;0;0;1;0;0;0;1;0;0;0;0;0;0.0;0
686;w_H0_P24;630.0;630.0;n3300440;n3300440;w;0;0;0;1;0;0;0;0;1;0;0;0;1;0;0;0;0;0;0.0;0
687;c_H0_P24;630.0;630.0;n3300440;n3300440;c;0;0;0;0;1;0;0;0;1;0;0;0;1;0;0;0;0;0;0.0;0
688;w_H0_P25;645.0;645.0;n3300440;n3300440;w;0;0;0;1;0;0;0;0;1;0;0;0;1;0;0;0;0;0;0.0;0
689;c_H0_P25;645.0;645.0;n3300440;n3300440;c;0;0;0;0;1;0;0;0;1;0;0;0;1;0;0;0;0;0;0.0;0
690;w_H0_P26;660.0;660.0;n3300440;n3300440;w;0;0;0;1;0;0;0;0;1;0;0;0;1;0;0;0;0;0;0.0;0
691;c_H0_P26;660.0;660.0;n3300440;n3300440;c;0;0;0;0;1;0;0;0;1;0;0;0;1;0;0;0;0;0;0.0;0
692;w_H0_P27;675.0;675.0;n3300440;n3300440;w;0;0;0;1;0;0;0;0;1;0;0;0;1;0;0;0;0;0;0.0;0
693;c_H0_P27;675.0;675.0;n3300440;n3300440;c;0;0;0;0;1;0;0;0;1;0;0;0;1;0;0;0;0;0;0.0;0
694;w_H0_P28;690.0;690.0;n3300440;n3300440;w;0;0;0;1;0;0;0;0;1;0;0;0;1;0;0;0;0;0;0.0;0
695;c_H0_P28;690.0;690.0;n3300440;n3300440;c;0;0;0;0;1;0;0;0;1;0;0;0;1;0;0;0;0;0;0.0;0
696;w_H0_P29;705.0;705.0;n3300440;n3300440;w;0;0;0;1;0;0;0;0;1;0;0;0;1;0;0;0;0;0;0.0;0
697;c_H0_P29;705.0;705.0;n3300440;n3300440;c;0;0;0;0;1;0;0;0;1;0;0;0;1;0;0;0;0;0;0.0;0
698;w_H0_P30;720.0;720.0;n3300440;n3300440;w;0;0;0;1;0;0;0;0;1;0;0;0;1;0;0;0;0;0;0.0;0
699;c_H0_P30;720.0;720.0;n3300440;n3300440;c;0;0;0;0;1;0;0;0;1;0;0;0;1;0;0;0;0;0;0.0;0
700;w_H0_P31;735.0;735.0;n3300440;n3300440;w;0;0;0;1;0;0;0;0;1;0;0;0;1;0;0;0;0;0;0.0;0
701;c_H0_P31;735.0;735.0;n3300440;n3300440;c;0;0;0;0;1;0;0;0;1;0;0;0;1;0;0;0;0;0;0.0;0
702;w_H0_P32;750.0;750.0;n3300440;n3300440;w;0;0;0;1;0;0;0;0;1;0;0;0;1;0;0;0;0;0;0.0;0
703;c_H0_P32;750.0;750.0;n3300440;n3300440;c;0;0;0;0;1;0;0;0;1;0;0;0;1;0;0;0;0;0;0.0;0
704;w_H0_P33;765.0;765.0;n3300440;n3300440;w;0;0;0;1;0;0;0;0;1;0;0;0;1;0;0;0;0;0;0.0;0
705;c_H0_P33;765.0;765.0;n3300440;n3300440;c;0;0;0;0;1;0;0;0;1;0;0;0;1;0;0;0;0;0;0.0;0
706;w_H0_P34;780.0;780.0;n3300440;n3300440;w;0;0;0;1;0;0;0;0;1;0;0;0;1;0;0;0;0;0;0.0;0
707;c_H0_P34;780.0;780.0;n3300440;n3300440;c;0;0;0;0;1;0;0;0;1;0;0;0;1;0;0;0;0;0;0.0;0
708;w_H0_P35;795.0;795.0;n3300440;n3300440;w;0;0;0;1;0;0;0;0;1;0;0;0;1;0;0;0;0;0;0.0;0
709;c_H0_P35;795.0;795.0;n3300440;n3300440;c;0;0;0;0;1;0;0;0;1;0;0;0;1;0;0;0;0;0;0.0;0
710;w_H0_P36;810.0;810.0;n3300440;n3300440;w;0;0;0;1;0;0;0;0;1;0;0;0;1;0;0;0;0;0;0.0;0
711;c_H0_P36;810.0;810.0;n3300440;n3300440;c;0;0;0;0;1;0;0;0;1;0;0;0;1;0;0;0;0;0;0.0;0
712;w_H0_P37;825.0;825.0;n3300440;n3300440;w;0;0;0;1;0;0;0;0;1;0;0;0;1;0;0;0;0;0;0.0;0
713;c_H0_P37;825.0;825.0;n3300440;n3300440;c;0;0;0;0;1;0;0;0;1;0;0;0;1;0;0;0;0;0;0.0;0
714;w_H0_P38;840.0;840.0;n3300440;n3300440;w;0;0;0;1;0;0;0;0;1;0;0;0;1;0;0;0;0;0;0.0;0
715;c_H0_P38;840.0;840.0;n3300440;n3300440;c;0;0;0;0;1;0;0;0;1;0;0;0;1;0;0;0;0;0;0.0;0
716;w_H0_P39;855.0;855.0;n3300440;n3300440;w;0;0;0;1;0;0;0;0;1;0;0;0;1;0;0;0;0;0;0.0;0
717;c_H0_P39;855.0;855.0;n3300440;n3300440;c;0;0;0;0;1;0;0;0;1;0;0;0;1;0;0;0;0;0;0.0;0
718;w_H0_P40;870.0;870.0;n3300440;n3300440;w;0;0;0;1;0;0;0;0;1;0;0;0;1;0;0;0;0;0;0.0;0
719;c_H0_P40;870.0;870.0;n3300440;n3300440;c;0;0;0;0;1;0;0;0;1;0;0;0;1;0;0;0;0;0;0.0;0
720;w_H0_P41;885.0;885.0;n3300440;n3300440;w;0;0;0;1;0;0;0;0;1;0;0;0;1;0;0;0;0;0;0.0;0
721;c_H0_P41;885.0;885.0;n3300440;n3300440;c;0;0;0;0;1;0;0;0;1;0;0;0;1;0;0;0;0;0;0.0;0
722;w_H0_P42;900.0;900.0;n3300440;n3300440;w;0;0;0;1;0;0;0;0;1;0;0;0;1;0;0;0;0;0;0.0;0
723;c_H0_P42;900.0;900.0;n3300440;n3300440;c;0;0;0;0;1;0;0;0;1;0;0;0;1;0;0;0;0;0;0.0;0
724;w_H0_P43;915.0;915.0;n3300440;n3300440;w;0;0;0;1;0;0;0;0;1;0;0;0;1;0;0;0;0;0;0.0;0
725;c_H0_P43;915.0;915.0;n3300440;n3300440;c;0;0;0;0;1;0;0;0;1;0;0;0;1;0;0;0;0;0;0.0;0
726;w_H0_P44;930.0;930.0;n3300440;n3300440;w;0;0;0;1;0;0;0;0;1;0;0;0;1;0;0;0;0;0;0.0;0
727;c_H0_P44;930.0;930.0;n3300440;n3300440;c;0;0;0;0;1;0;0;0;1;0;0;0;1;0;0;0;0;0;0.0;0
728;w_H0_P45;945.0;945.0;n3300440;n3300440;w;0;0;0;1;0;0;0;0;1;0;0;0;1;0;0;0;0;0;0.0;0
729;c_H0_P45;945.0;945.0;n3300440;n3300440;c;0;0;0;0;1;0;0;0;1;0;0;0;1;0;0;0;0;0;0.0;0
730;w_H0_P46;960.0;960.0;n3300440;n3300440;w;0;0;0;1;0;0;0;0;1;0;0;0;1;0;0;0;0;0;0.0;0
731;c_H0_P46;960.0;960.0;n3300440;n3300440;c;0;0;0;0;1;0;0;0;1;0;0;0;1;0;0;0;0;0;0.0;0
732;w_H0_P47;975.0;975.0;n3300440;n3300440;w;0;0;0;1;0;0;0;0;1;0;0;0;1;0;0;0;0;0;0.0;0
733;c_H0_P47;975.0;975.0;n3300440;n3300440;c;0;0;0;0;1;0;0;0;1;0;0;0;1;0;0;0;0;0;0.0;0
734;w_H0_P48;990.0;990.0;n3300440;n3300440;w;0;0;0;1;0;0;0;0;1;0;0;0;1;0;0;0;0;0;0.0;0
735;c_H0_P48;990.0;990.0;n3300440;n3300440;c;0;0;0;0;1;0;0;0;1;0;0;0;1;0;0;0;0;0;0.0;0
736;w_H0_P49;1005.0;1005.0;n3300440;n3300440;w;0;0;0;1;0;0;0;0;1;0;0;0;1;0;0;0;0;0;0.0;0
737;c_H0_P49;1005.0;1005.0;n3300440;n3300440;c;0;0;0;0;1;0;0;0;1;0;0;0;1;0;0;0;0;0;0.0;0
738;w_H0_P50;1020.0;1020.0;n3300440;n3300440;w;0;0;0;1;0;0;0;0;1;0;0;0;1;0;0;0;0;0;0.0;0
739;c_H0_P50;1020.0;1020.0;n3300440;n3300440;c;0;0;0;0;1;0;0;0;1;0;0;0;1;0;0;0;0;0;0.0;0
740;w_H0_P51;1035.0;1035.0;n3300440;n3300440;w;0;0;0;1;0;0;0;0;1;0;0;0;1;0;0;0;0;0;0.0;0
741;c_H0_P51;1035.0;1035.0;n3300440;n3300440;c;0;0;0;0;1;0;0;0;1;0;0;0;1;0;0;0;0;0;0.0;0
742;w_H0_P52;1050.0;1050.0;n3300440;n3300440;w;0;0;0;1;0;0;0;0;1;0;0;0;1;0;0;0;0;0;0.0;0
743;c_H0_P52;1050.0;1050.0;n3300440;n3300440;c;0;0;0;0;1;0;0;0;1;0;0;0;1;0;0;0;0;0;0.0;0
744;w_H0_P53;1065.0;1065.0;n3300440;n3300440;w;0;0;0;1;0;0;0;0;1;0;0;0;1;0;0;0;0;0;0.0;0
745;c_H0_P53;1065.0;1065.0;n3300440;n3300440;c;0;0;0;0;1;0;0;0;1;0;0;0;1;0;0;0;0;0;0.0;0
746;w_H0_P54;1080.0;1080.0;n3300440;n3300440;w;0;0;0;1;0;0;0;0;1;0;0;0;1;0;0;0;0;0;0.0;0
747;c_H0_P54;1080.0;1080.0;n3300440;n3300440;c;0;0;0;0;1;0;0;0;1;0;0;0;1;0;0;0;0;0;0.0;0
748;w_H0_P55;1095.0;1095.0;n3300440;n3300440;w;0;0;0;1;0;0;0;0;1;0;0;0;1;0;0;0;0;0;0.0;0
749;c_H0_P55;1095.0;1095.0;n3300440;n3300440;c;0;0;0;0;1;0;0;0;1;0;0;0;1;0;0;0;0;0;0.0;0
750;w_H0_P56;1110.0;1110.0;n3300440;n3300440;w;0;0;0;1;0;0;0;0;1;0;0;0;1;0;0;0;0;0;0.0;0
751;c_H0_P56;1110.0;1110.0;n3300440;n3300440;c;0;0;0;0;1;0;0;0;1;0;0;0;1;0;0;0;0;0;0.0;0
752;w_H0_P57;1125.0;1125.0;n3300440;n3300440;w;0;0;0;1;0;0;0;0;1;0;0;0;1;0;0;0;0;0;0.0;0
753;c_H0_P57;1125.0;1125.0;n3300440;n3300440;c;0;0;0;0;1;0;0;0;1;0;0;0;1;0;0;0;0;0;0.0;0
754;w_H0_P58;1140.0;1140.0;n3300440;n3300440;w;0;0;0;1;0;0;0;0;1;0;0;0;1;0;0;0;0;0;0.0;0
755;c_H0_P58;1140.0;1140.0;n3300440;n3300440;c;0;0;0;0;1;0;0;0;1;0;0;0;1;0;0;0;0;0;0.0;0
756;w_H0_P59;1155.0;1155.0;n3300440;n3300440;w;0;0;0;1;0;0;0;0;1;0;0;0;1;0;0;0;0;0;0.0;0
757;c_H0_P59;1155.0;1155.0;n3300440;n3300440;c;0;0;0;0;1;0;0;0;1;0;0;0;1;0;0;0;0;0;0.0;0
758;w_H0_P60;1170.0;1170.0;n3300440;n3300440;w;0;0;0;1;0;0;0;0;1;0;0;0;1;0;0;0;0;0;0.0;0
759;c_H0_P60;1170.0;1170.0;n3300440;n3300440;c;0;0;0;0;1;0;0;0;1;0;0;0;1;0;0;0;0;0;0.0;0
760;w_H0_P61;1185.0;1185.0;n3300440;n3300440;w;0;0;0;1;0;0;0;0;1;0;0;0;1;0;0;0;0;0;0.0;0
761;c_H0_P61;1185.0;1185.0;n3300440;n3300440;c;0;0;0;0;1;0;0;0;1;0;0;0;1;0;0;0;0;0;0.0;0
762;w_H0_P62;1200.0;1200.0;n3300440;n3300440;w;0;0;0;1;0;0;0;0;1;0;0;0;1;0;0;0;0;0;0.0;0
763;c_H0_P62;1200.0;1200.0;n3300440;n3300440;c;0;0;0;0;1;0;0;0;1;0;0;0;1;0;0;0;0;0;0.0;0
764;w_H0_P63;1215.0;1215.0;n3300440;n3300440;w;0;0;0;1;0;0;0;0;1;0;0;0;1;0;0;0;0;0;0.0;0
765;c_H0_P63;1215.0;1215.0;n3300440;n3300440;c;0;0;0;0;1;0;0;0;1;0;0;0;1;0;0;0;0;0;0.0;0
766;w_H0_P64;1230.0;1230.0;n3300440;n3300440;w;0;0;0;1;0;0;0;0;1;0;0;0;1;0;0;0;0;0;0.0;0
767;c_H0_P64;1230.0;1230.0;n3300440;n3300440;c;0;0;0;0;1;0;0;0;1;0;0;0;1;0;0;0;0;0;0.0;0
768;w_H0_P65;1245.0;1245.0;n3300440;n3300440;w;0;0;0;1;0;0;0;0;1;0;0;0;1;0;0;0;0;0;0.0;0
769;c_H0_P65;1245.0;1245.0;n3300440;n3300440;c;0;0;0;0;1;0;0;0;1;0;0;0;1;0;0;0;0;0;0.0;0
770;w_H0_P66;1260.0;1260.0;n3300440;n3300440;w;0;0;0;1;0;0;0;0;1;0;0;0;1;0;0;0;0;0;0.0;0
771;c_H0_P66;1260.0;1260.0;n3300440;n3300440;c;0;0;0;0;1;0;0;0;1;0;0;0;1;0;0;0;0;0;0.0;0
772;w_H0_P67;1275.0;1275.0;n3300440;n3300440;w;0;0;0;1;0;0;0;0;1;0;0;0;1;0;0;0;0;0;0.0;0
773;c_H0_P67;1275.0;1275.0;n3300440;n3300440;c;0;0;0;0;1;0;0;0;1;0;0;0;1;0;0;0;0;0;0.0;0
774;w_H0_P68;1290.0;1290.0;n3300440;n3300440;w;0;0;0;1;0;0;0;0;1;0;0;0;1;0;0;0;0;0;0.0;0
775;c_H0_P68;1290.0;1290.0;n3300440;n3300440;c;0;0;0;0;1;0;0;0;1;0;0;0;1;0;0;0;0;0;0.0;0
776;w_H0_P69;1305.0;1305.0;n3300440;n3300440;w;0;0;0;1;0;0;0;0;1;0;0;0;1;0;0;0;0;0;0.0;0
777;c_H0_P69;1305.0;1305.0;n3300440;n3300440;c;0;0;0;0;1;0;0;0;1;0;0;0;1;0;0;0;0;0;0.0;0
778;w_H0_P70;1320.0;1320.0;n3300440;n3300440;w;0;0;0;1;0;0;0;0;1;0;0;0;1;0;0;0;0;0;0.0;0
779;c_H0_P70;1320.0;1320.0;n3300440;n3300440;c;0;0;0;0;1;0;0;0;1;0;0;0;1;0;0;0;0;0;0.0;0
780;w_H0_P71;1335.0;1335.0;n3300440;n3300440;w;0;0;0;1;0;0;0;0;1;0;0;0;1;0;0;0;0;0;0.0;0
781;c_H0_P71;1335.0;1335.0;n3300440;n3300440;c;0;0;0;0;1;0;0;0;1;0;0;0;1;0;0;0;0;0;0.0;0
782;w_H0_P72;1350.0;1350.0;n3300440;n3300440;w;0;0;0;1;0;0;0;0;1;0;0;0;1;0;0;0;0;0;0.0;0
783;c_H0_P72;1350.0;1350.0;n3300440;n3300440;c;0;0;0;0;1;0;0;0;1;0;0;0;1;0;0;0;0;0;0.0;0
784;w_H0_P73;1365.0;1365.0;n3300440;n3300440;w;0;0;0;1;0;0;0;0;1;0;0;0;1;0;0;0;0;0;0.0;0
785;c_H0_P73;1365.0;1365.0;n3300440;n3300440;c;0;0;0;0;1;0;0;0;1;0;0;0;1;0;0;0;0;0;0.0;0
786;w_H0_P74;1380.0;1380.0;n3300440;n3300440;w;0;0;0;1;0;0;0;0;1;0;0;0;1;0;0;0;0;0;0.0;0
787;c_H0_P74;1380.0;1380.0;n3300440;n3300440;c;0;0;0;0;1;0;0;0;1;0;0;0;1;0;0;0;0;0;0.0;0
788;w_H0_P75;1395.0;1395.0;n3300440;n3300440;w;0;0;0;1;0;0;0;0;1;0;0;0;1;0;0;0;0;0;0.0;0
789;c_H0_P75;1395.0;1395.0;n3300440;n3300440;c;0;0;0;0;1;0;0;0;1;0;0;0;1;0;0;0;0;0;0.0;0
790;w_H0_P76;1410.0;1410.0;n3300440;n3300440;w;0;0;0;1;0;0;0;0;1;0;0;0;1;0;0;0;0;0;0.0;0
791;c_H0_P76;1410.0;1410.0;n3300440;n3300440;c;0;0;0;0;1;0;0;0;1;0;0;0;1;0;0;0;0;0;0.0;0
792;w_H0_P77;1425.0;1425.0;n3300440;n3300440;w;0;0;0;1;0;0;0;0;1;0;0;0;1;0;0;0;0;0;0.0;0
793;c_H0_P77;1425.0;1425.0;n3300440;n3300440;c;0;0;0;0;1;0;0;0;1;0;0;0;1;0;0;0;0;0;0.0;0
794;w_H0_P78;1440.0;1440.0;n3300440;n3300440;w;0;0;0;1;0;0;0;0;1;0;0;0;1;0;0;0;0;0;0.0;0
795;c_H0_P78;1440.0;1440.0;n3300440;n3300440;c;0;0;0;0;1;0;0;0;1;0;0;0;1;0;0;0;0;0;0.0;0
796;w_H0_P79;1455.0;1455.0;n3300440;n3300440;w;0;0;0;1;0;0;0;0;1;0;0;0;1;0;0;0;0;0;0.0;0
797;c_H0_P79;1455.0;1455.0;n3300440;n3300440;c;0;0;0;0;1;0;0;0;1;0;0;0;1;0;0;0;0;0;0.0;0
798;w_H0_P80;1470.0;1470.0;n3300440;n3300440;w;0;0;0;1;0;0;0;0;1;0;0;0;1;0;0;0;0;0;0.0;0
799;c_H0_P80;1470.0;1470.0;n3300440;n3300440;c;0;0;0;0;1;0;0;0;1;0;0;0;1;0;0;0;0;0;0.0;0
800;w_H0_P81;1485.0;1485.0;n3300440;n3300440;w;0;0;0;1;0;0;0;0;1;0;0;0;1;0;0;0;0;0;0.0;0
801;c_H0_P81;1485.0;1485.0;n3300440;n3300440;c;0;0;0;0;1;0;0;0;1;0;0;0;1;0;0;0;0;0;0.0;0
802;w_H1_P0;270.0;270.0;n3300440;n3300440;w;0;0;0;1;0;0;0;0;1;0;0;0;1;0;0;0;0;0;0.0;0
803;c_H1_P0;270.0;270.0;n3300440;n3300440;c;0;0;0;0;1;0;0;0;1;0;0;0;1;0;0;0;0;0;0.0;0
804;w_H1_P1;285.0;285.0;n3300440;n3300440;w;0;0;0;1;0;0;0;0;1;0;0;0;1;0;0;0;0;0;0.0;0
805;c_H1_P1;285.0;285.0;n3300440;n3300440;c;0;0;0;0;1;0;0;0;1;0;0;0;1;0;0;0;0;0;0.0;0
806;w_H1_P2;300.0;300.0;n3300440;n3300440;w;0;0;0;1;0;0;0;0;1;0;0;0;1;0;0;0;0;0;0.0;0
807;c_H1_P2;300.0;300.0;n3300440;n3300440;c;0;0;0;0;1;0;0;0;1;0;0;0;1;0;0;0;0;0;0.0;0
808;w_H1_P3;315.0;315.0;n3300440;n3300440;w;0;0;0;1;0;0;0;0;1;0;0;0;1;0;0;0;0;0;0.0;0
809;c_H1_P3;315.0;315.0;n3300440;n3300440;c;0;0;0;0;1;0;0;0;1;0;0;0;1;0;0;0;0;0;0.0;0
810;w_H1_P4;330.0;330.0;n3300440;n3300440;w;0;0;0;1;0;0;0;0;1;0;0;0;1;0;0;0;0;0;0.0;0
811;c_H1_P4;330.0;330.0;n3300440;n3300440;c;0;0;0;0;1;0;0;0;1;0;0;0;1;0;0;0;0;0;0.0;0
812;w_H1_P5;345.0;345.0;n3300440;n3300440;w;0;0;0;1;0;0;0;0;1;0;0;0;1;0;0;0;0;0;0.0;0
813;c_H1_P5;345.0;345.0;n3300440;n3300440;c;0;0;0;0;1;0;0;0;1;0;0;0;1;0;0;0;0;0;0.0;0
814;w_H1_P6;360.0;360.0;n3300440;n3300440;w;0;0;0;1;0;0;0;0;1;0;0;0;1;0;0;0;0;0;0.0;0
815;c_H1_P6;360.0;360.0;n3300440;n3300440;c;0;0;0;0;1;0;0;0;1;0;0;0;1;0;0;0;0;0;0.0;0
816;w_H1_P7;375.0;375.0;n3300440;n3300440;w;0;0;0;1;0;0;0;0;1;0;0;0;1;0;0;0;0;0;0.0;0
817;c_H1_P7;375.0;375.0;n3300440;n3300440;c;0;0;0;0;1;0;0;0;1;0;0;0;1;0;0;0;0;0;0.0;0
818;w_H1_P8;390.0;390.0;n3300440;n3300440;w;0;0;0;1;0;0;0;0;1;0;0;0;1;0;0;0;0;0;0.0;0
819;c_H1_P8;390.0;390.0;n3300440;n3300440;c;0;0;0;0;1;0;0;0;1;0;0;0;1;0;0;0;0;0;0.0;0
820;w_H1_P9;405.0;405.0;n3300440;n3300440;w;0;0;0;1;0;0;0;0;1;0;0;0;1;0;0;0;0;0;0.0;0
821;c_H1_P9;405.0;405.0;n3300440;n3300440;c;0;0;0;0;1;0;0;0;1;0;0;0;1;0;0;0;0;0;0.0;0
822;w_H1_P10;420.0;420.0;n3300440;n3300440;w;0;0;0;1;0;0;0;0;1;0;0;0;1;0;0;0;0;0;0.0;0
823;c_H1_P10;420.0;420.0;n3300440;n3300440;c;0;0;0;0;1;0;0;0;1;0;0;0;1;0;0;0;0;0;0.0;0
824;w_H1_P11;435.0;435.0;n3300440;n3300440;w;0;0;0;1;0;0;0;0;1;0;0;0;1;0;0;0;0;0;0.0;0
825;c_H1_P11;435.0;435.0;n3300440;n3300440;c;0;0;0;0;1;0;0;0;1;0;0;0;1;0;0;0;0;0;0.0;0
826;w_H1_P12;450.0;450.0;n3300440;n3300440;w;0;0;0;1;0;0;0;0;1;0;0;0;1;0;0;0;0;0;0.0;0
827;c_H1_P12;450.0;450.0;n3300440;n3300440;c;0;0;0;0;1;0;0;0;1;0;0;0;1;0;0;0;0;0;0.0;0
828;w_H1_P13;465.0;465.0;n3300440;n3300440;w;0;0;0;1;0;0;0;0;1;0;0;0;1;0;0;0;0;0;0.0;0
829;c_H1_P13;465.0;465.0;n3300440;n3300440;c;0;0;0;0;1;0;0;0;1;0;0;0;1;0;0;0;0;0;0.0;0
830;w_H1_P14;480.0;480.0;n3300440;n3300440;w;0;0;0;1;0;0;0;0;1;0;0;0;1;0;0;0;0;0;0.0;0
831;c_H1_P14;480.0;480.0;n3300440;n3300440;c;0;0;0;0;1;0;0;0;1;0;0;0;1;0;0;0;0;0;0.0;0
832;w_H1_P15;495.0;495.0;n3300440;n3300440;w;0;0;0;1;0;0;0;0;1;0;0;0;1;0;0;0;0;0;0.0;0
833;c_H1_P15;495.0;495.0;n3300440;n3300440;c;0;0;0;0;1;0;0;0;1;0;0;0;1;0;0;0;0;0;0.0;0
834;w_H1_P16;510.0;510.0;n3300440;n3300440;w;0;0;0;1;0;0;0;0;1;0;0;0;1;0;0;0;0;0;0.0;0
835;c_H1_P16;510.0;510.0;n3300440;n3300440;c;0;0;0;0;1;0;0;0;1;0;0;0;1;0;0;0;0;0;0.0;0
836;w_H1_P17;525.0;525.0;n3300440;n3300440;w;0;0;0;1;0;0;0;0;1;0;0;0;1;0;0;0;0;0;0.0;0
837;c_H1_P17;525.0;525.0;n3300440;n3300440;c;0;0;0;0;1;0;0;0;1;0;0;0;1;0;0;0;0;0;0.0;0
838;w_H1_P18;540.0;540.0;n3300440;n3300440;w;0;0;0;1;0;0;0;0;1;0;0;0;1;0;0;0;0;0;0.0;0
839;c_H1_P18;540.0;540.0;n3300440;n3300440;c;0;0;0;0;1;0;0;0;1;0;0;0;1;0;0;0;0;0;0.0;0
840;w_H1_P19;555.0;555.0;n3300440;n3300440;w;0;0;0;1;0;0;0;0;1;0;0;0;1;0;0;0;0;0;0.0;0
841;c_H1_P19;555.0;555.0;n3300440;n3300440;c;0;0;0;0;1;0;0;0;1;0;0;0;1;0;0;0;0;0;0.0;0
842;w_H1_P20;570.0;570.0;n3300440;n3300440;w;0;0;0;1;0;0;0;0;1;0;0;0;1;0;0;0;0;0;0.0;0
843;c_H1_P20;570.0;570.0;n3300440;n3300440;c;0;0;0;0;1;0;0;0;1;0;0;0;1;0;0;0;0;0;0.0;0
844;w_H1_P21;585.0;585.0;n3300440;n3300440;w;0;0;0;1;0;0;0;0;1;0;0;0;1;0;0;0;0;0;0.0;0
845;c_H1_P21;585.0;585.0;n3300440;n3300440;c;0;0;0;0;1;0;0;0;1;0;0;0;1;0;0;0;0;0;0.0;0
846;w_H1_P22;600.0;600.0;n3300440;n3300440;w;0;0;0;1;0;0;0;0;1;0;0;0;1;0;0;0;0;0;0.0;0
847;c_H1_P22;600.0;600.0;n3300440;n3300440;c;0;0;0;0;1;0;0;0;1;0;0;0;1;0;0;0;0;0;0.0;0
848;w_H1_P23;615.0;615.0;n3300440;n3300440;w;0;0;0;1;0;0;0;0;1;0;0;0;1;0;0;0;0;0;0.0;0
849;c_H1_P23;615.0;615.0;n3300440;n3300440;c;0;0;0;0;1;0;0;0;1;0;0;0;1;0;0;0;0;0;0.0;0
850;w_H1_P24;630.0;630.0;n3300440;n3300440;w;0;0;0;1;0;0;0;0;1;0;0;0;1;0;0;0;0;0;0.0;0
851;c_H1_P24;630.0;630.0;n3300440;n3300440;c;0;0;0;0;1;0;0;0;1;0;0;0;1;0;0;0;0;0;0.0;0
852;w_H1_P25;645.0;645.0;n3300440;n3300440;w;0;0;0;1;0;0;0;0;1;0;0;0;1;0;0;0;0;0;0.0;0
853;c_H1_P25;645.0;645.0;n3300440;n3300440;c;0;0;0;0;1;0;0;0;1;0;0;0;1;0;0;0;0;0;0.0;0
854;w_H1_P26;660.0;660.0;n3300440;n3300440;w;0;0;0;1;0;0;0;0;1;0;0;0;1;0;0;0;0;0;0.0;0
855;c_H1_P26;660.0;660.0;n3300440;n3300440;c;0;0;0;0;1;0;0;0;1;0;0;0;1;0;0;0;0;0;0.0;0
856;w_H1_P27;675.0;675.0;n3300440;n3300440;w;0;0;0;1;0;0;0;0;1;0;0;0;1;0;0;0;0;0;0.0;0
857;c_H1_P27;675.0;675.0;n3300440;n3300440;c;0;0;0;0;1;0;0;0;1;0;0;0;1;0;0;0;0;0;0.0;0
858;w_H1_P28;690.0;690.0;n3300440;n3300440;w;0;0;0;1;0;0;0;0;1;0;0;0;1;0;0;0;0;0;0.0;0
859;c_H1_P28;690.0;690.0;n3300440;n3300440;c;0;0;0;0;1;0;0;0;1;0;0;0;1;0;0;0;0;0;0.0;0
860;w_H1_P29;705.0;705.0;n3300440;n3300440;w;0;0;0;1;0;0;0;0;1;0;0;0;1;0;0;0;0;0;0.0;0
861;c_H1_P29;705.0;705.0;n3300440;n3300440;c;0;0;0;0;1;0;0;0;1;0;0;0;1;0;0;0;0;0;0.0;0
862;w_H1_P30;720.0;720.0;n3300440;n3300440;w;0;0;0;1;0;0;0;0;1;0;0;0;1;0;0;0;0;0;0.0;0
863;c_H1_P30;720.0;720.0;n3300440;n3300440;c;0;0;0;0;1;0;0;0;1;0;0;0;1;0;0;0;0;0;0.0;0
864;w_H1_P31;735.0;735.0;n3300440;n3300440;w;0;0;0;1;0;0;0;0;1;0;0;0;1;0;0;0;0;0;0.0;0
865;c_H1_P31;735.0;735.0;n3300440;n3300440;c;0;0;0;0;1;0;0;0;1;0;0;0;1;0;0;0;0;0;0.0;0
866;w_H1_P32;750.0;750.0;n3300440;n3300440;w;0;0;0;1;0;0;0;0;1;0;0;0;1;0;0;0;0;0;0.0;0
867;c_H1_P32;750.0;750.0;n3300440;n3300440;c;0;0;0;0;1;0;0;0;1;0;0;0;1;0;0;0;0;0;0.0;0
868;w_H1_P33;765.0;765.0;n3300440;n3300440;w;0;0;0;1;0;0;0;0;1;0;0;0;1;0;0;0;0;0;0.0;0
869;c_H1_P33;765.0;765.0;n3300440;n3300440;c;0;0;0;0;1;0;0;0;1;0;0;0;1;0;0;0;0;0;0.0;0
870;w_H1_P34;780.0;780.0;n3300440;n3300440;w;0;0;0;1;0;0;0;0;1;0;0;0;1;0;0;0;0;0;0.0;0
871;c_H1_P34;780.0;780.0;n3300440;n3300440;c;0;0;0;0;1;0;0;0;1;0;0;0;1;0;0;0;0;0;0.0;0
872;w_H1_P35;795.0;795.0;n3300440;n3300440;w;0;0;0;1;0;0;0;0;1;0;0;0;1;0;0;0;0;0;0.0;0
873;c_H1_P35;795.0;795.0;n3300440;n3300440;c;0;0;0;0;1;0;0;0;1;0;0;0;1;0;0;0;0;0;0.0;0
874;w_H1_P36;810.0;810.0;n3300440;n3300440;w;0;0;0;1;0;0;0;0;1;0;0;0;1;0;0;0;0;0;0.0;0
875;c_H1_P36;810.0;810.0;n3300440;n3300440;c;0;0;0;0;1;0;0;0;1;0;0;0;1;0;0;0;0;0;0.0;0
876;w_H1_P37;825.0;825.0;n3300440;n3300440;w;0;0;0;1;0;0;0;0;1;0;0;0;1;0;0;0;0;0;0.0;0
877;c_H1_P37;825.0;825.0;n3300440;n3300440;c;0;0;0;0;1;0;0;0;1;0;0;0;1;0;0;0;0;0;0.0;0
878;w_H1_P38;840.0;840.0;n3300440;n3300440;w;0;0;0;1;0;0;0;0;1;0;0;0;1;0;0;0;0;0;0.0;0
879;c_H1_P38;840.0;840.0;n3300440;n3300440;c;0;0;0;0;1;0;0;0;1;0;0;0;1;0;0;0;0;0;0.0;0
880;w_H1_P39;855.0;855.0;n3300440;n3300440;w;0;0;0;1;0;0;0;0;1;0;0;0;1;0;0;0;0;0;0.0;0
881;c_H1_P39;855.0;855.0;n3300440;n3300440;c;0;0;0;0;1;0;0;0;1;0;0;0;1;0;0;0;0;0;0.0;0
882;w_H1_P40;870.0;870.0;n3300440;n3300440;w;0;0;0;1;0;0;0;0;1;0;0;0;1;0;0;0;0;0;0.0;0
883;c_H1_P40;870.0;870.0;n3300440;n3300440;c;0;0;0;0;1;0;0;0;1;0;0;0;1;0;0;0;0;0;0.0;0
884;w_H1_P41;885.0;885.0;n3300440;n3300440;w;0;0;0;1;0;0;0;0;1;0;0;0;1;0;0;0;0;0;0.0;0
885;c_H1_P41;885.0;885.0;n3300440;n3300440;c;0;0;0;0;1;0;0;0;1;0;0;0;1;0;0;0;0;0;0.0;0
886;w_H1_P42;900.0;900.0;n3300440;n3300440;w;0;0;0;1;0;0;0;0;1;0;0;0;1;0;0;0;0;0;0.0;0
887;c_H1_P42;900.0;900.0;n3300440;n3300440;c;0;0;0;0;1;0;0;0;1;0;0;0;1;0;0;0;0;0;0.0;0
888;w_H1_P43;915.0;915.0;n3300440;n3300440;w;0;0;0;1;0;0;0;0;1;0;0;0;1;0;0;0;0;0;0.0;0
889;c_H1_P43;915.0;915.0;n3300440;n3300440;c;0;0;0;0;1;0;0;0;1;0;0;0;1;0;0;0;0;0;0.0;0
890;w_H1_P44;930.0;930.0;n3300440;n3300440;w;0;0;0;1;0;0;0;0;1;0;0;0;1;0;0;0;0;0;0.0;0
891;c_H1_P44;930.0;930.0;n3300440;n3300440;c;0;0;0;0;1;0;0;0;1;0;0;0;1;0;0;0;0;0;0.0;0
892;w_H1_P45;945.0;945.0;n3300440;n3300440;w;0;0;0;1;0;0;0;0;1;0;0;0;1;0;0;0;0;0;0.0;0
893;c_H1_P45;945.0;945.0;n3300440;n3300440;c;0;0;0;0;1;0;0;0;1;0;0;0;1;0;0;0;0;0;0.0;0
894;w_H1_P46;960.0;960.0;n3300440;n3300440;w;0;0;0;1;0;0;0;0;1;0;0;0;1;0;0;0;0;0;0.0;0
895;c_H1_P46;960.0;960.0;n3300440;n3300440;c;0;0;0;0;1;0;0;0;1;0;0;0;1;0;0;0;0;0;0.0;0
896;w_H1_P47;975.0;975.0;n3300440;n3300440;w;0;0;0;1;0;0;0;0;1;0;0;0;1;0;0;0;0;0;0.0;0
897;c_H1_P47;975.0;975.0;n3300440;n3300440;c;0;0;0;0;1;0;0;0;1;0;0;0;1;0;0;0;0;0;0.0;0
898;w_H1_P48;990.0;990.0;n3300440;n3300440;w;0;0;0;1;0;0;0;0;1;0;0;0;1;0;0;0;0;0;0.0;0
899;c_H1_P48;990.0;990.0;n3300440;n3300440;c;0;0;0;0;1;0;0;0;1;0;0;0;1;0;0;0;0;0;0.0;0
900;w_H1_P49;1005.0;1005.0;n3300440;n3300440;w;0;0;0;1;0;0;0;0;1;0;0;0;1;0;0;0;0;0;0.0;0
901;c_H1_P49;1005.0;1005.0;n3300440;n3300440;c;0;0;0;0;1;0;0;0;1;0;0;0;1;0;0;0;0;0;0.0;0
902;w_H1_P50;1020.0;1020.0;n3300440;n3300440;w;0;0;0;1;0;0;0;0;1;0;0;0;1;0;0;0;0;0;0.0;0
903;c_H1_P50;1020.0;1020.0;n3300440;n3300440;c;0;0;0;0;1;0;0;0;1;0;0;0;1;0;0;0;0;0;0.0;0
904;w_H1_P51;1035.0;1035.0;n3300440;n3300440;w;0;0;0;1;0;0;0;0;1;0;0;0;1;0;0;0;0;0;0.0;0
905;c_H1_P51;1035.0;1035.0;n3300440;n3300440;c;0;0;0;0;1;0;0;0;1;0;0;0;1;0;0;0;0;0;0.0;0
906;w_H1_P52;1050.0;1050.0;n3300440;n3300440;w;0;0;0;1;0;0;0;0;1;0;0;0;1;0;0;0;0;0;0.0;0
907;c_H1_P52;1050.0;1050.0;n3300440;n3300440;c;0;0;0;0;1;0;0;0;1;0;0;0;1;0;0;0;0;0;0.0;0
908;w_H1_P53;1065.0;1065.0;n3300440;n3300440;w;0;0;0;1;0;0;0;0;1;0;0;0;1;0;0;0;0;0;0.0;0
909;c_H1_P53;1065.0;1065.0;n3300440;n3300440;c;0;0;0;0;1;0;0;0;1;0;0;0;1;0;0;0;0;0;0.0;0
910;w_H1_P54;1080.0;1080.0;n3300440;n3300440;w;0;0;0;1;0;0;0;0;1;0;0;0;1;0;0;0;0;0;0.0;0
911;c_H1_P54;1080.0;1080.0;n3300440;n3300440;c;0;0;0;0;1;0;0;0;1;0;0;0;1;0;0;0;0;0;0.0;0
912;w_H1_P55;1095.0;1095.0;n3300440;n3300440;w;0;0;0;1;0;0;0;0;1;0;0;0;1;0;0;0;0;0;0.0;0
913;c_H1_P55;1095.0;1095.0;n3300440;n3300440;c;0;0;0;0;1;0;0;0;1;0;0;0;1;0;0;0;0;0;0.0;0
914;w_H1_P56;1110.0;1110.0;n3300440;n3300440;w;0;0;0;1;0;0;0;0;1;0;0;0;1;0;0;0;0;0;0.0;0
915;c_H1_P56;1110.0;1110.0;n3300440;n3300440;c;0;0;0;0;1;0;0;0;1;0;0;0;1;0;0;0;0;0;0.0;0
916;w_H1_P57;1125.0;1125.0;n3300440;n3300440;w;0;0;0;1;0;0;0;0;1;0;0;0;1;0;0;0;0;0;0.0;0
917;c_H1_P57;1125.0;1125.0;n3300440;n3300440;c;0;0;0;0;1;0;0;0;1;0;0;0;1;0;0;0;0;0;0.0;0
918;w_H1_P58;1140.0;1140.0;n3300440;n3300440;w;0;0;0;1;0;0;0;0;1;0;0;0;1;0;0;0;0;0;0.0;0
919;c_H1_P58;1140.0;1140.0;n3300440;n3300440;c;0;0;0;0;1;0;0;0;1;0;0;0;1;0;0;0;0;0;0.0;0
920;w_H1_P59;1155.0;1155.0;n3300440;n3300440;w;0;0;0;1;0;0;0;0;1;0;0;0;1;0;0;0;0;0;0.0;0
921;c_H1_P59;1155.0;1155.0;n3300440;n3300440;c;0;0;0;0;1;0;0;0;1;0;0;0;1;0;0;0;0;0;0.0;0
922;w_H1_P60;1170.0;1170.0;n3300440;n3300440;w;0;0;0;1;0;0;0;0;1;0;0;0;1;0;0;0;0;0;0.0;0
923;c_H1_P60;1170.0;1170.0;n3300440;n3300440;c;0;0;0;0;1;0;0;0;1;0;0;0;1;0;0;0;0;0;0.0;0
924;w_H1_P61;1185.0;1185.0;n3300440;n3300440;w;0;0;0;1;0;0;0;0;1;0;0;0;1;0;0;0;0;0;0.0;0
925;c_H1_P61;1185.0;1185.0;n3300440;n3300440;c;0;0;0;0;1;0;0;0;1;0;0;0;1;0;0;0;0;0;0.0;0
926;w_H1_P62;1200.0;1200.0;n3300440;n3300440;w;0;0;0;1;0;0;0;0;1;0;0;0;1;0;0;0;0;0;0.0;0
927;c_H1_P62;1200.0;1200.0;n3300440;n3300440;c;0;0;0;0;1;0;0;0;1;0;0;0;1;0;0;0;0;0;0.0;0
928;w_H1_P63;1215.0;1215.0;n3300440;n3300440;w;0;0;0;1;0;0;0;0;1;0;0;0;1;0;0;0;0;0;0.0;0
929;c_H1_P63;1215.0;1215.0;n3300440;n3300440;c;0;0;0;0;1;0;0;0;1;0;0;0;1;0;0;0;0;0;0.0;0
930;w_H1_P64;1230.0;1230.0;n3300440;n3300440;w;0;0;0;1;0;0;0;0;1;0;0;0;1;0;0;0;0;0;0.0;0
931;c_H1_P64;1230.0;1230.0;n3300440;n3300440;c;0;0;0;0;1;0;0;0;1;0;0;0;1;0;0;0;0;0;0.0;0
932;w_H1_P65;1245.0;1245.0;n3300440;n3300440;w;0;0;0;1;0;0;0;0;1;0;0;0;1;0;0;0;0;0;0.0;0
933;c_H1_P65;1245.0;1245.0;n3300440;n3300440;c;0;0;0;0;1;0;0;0;1;0;0;0;1;0;0;0;0;0;0.0;0
934;w_H1_P66;1260.0;1260.0;n3300440;n3300440;w;0;0;0;1;0;0;0;0;1;0;0;0;1;0;0;0;0;0;0.0;0
935;c_H1_P66;1260.0;1260.0;n3300440;n3300440;c;0;0;0;0;1;0;0;0;1;0;0;0;1;0;0;0;0;0;0.0;0
936;w_H1_P67;1275.0;1275.0;n3300440;n3300440;w;0;0;0;1;0;0;0;0;1;0;0;0;1;0;0;0;0;0;0.0;0
937;c_H1_P67;1275.0;1275.0;n3300440;n3300440;c;0;0;0;0;1;0;0;0;1;0;0;0;1;0;0;0;0;0;0.0;0
938;w_H1_P68;1290.0;1290.0;n3300440;n3300440;w;0;0;0;1;0;0;0;0;1;0;0;0;1;0;0;0;0;0;0.0;0
939;c_H1_P68;1290.0;1290.0;n3300440;n3300440;c;0;0;0;0;1;0;0;0;1;0;0;0;1;0;0;0;0;0;0.0;0
940;w_H1_P69;1305.0;1305.0;n3300440;n3300440;w;0;0;0;1;0;0;0;0;1;0;0;0;1;0;0;0;0;0;0.0;0
941;c_H1_P69;1305.0;1305.0;n3300440;n3300440;c;0;0;0;0;1;0;0;0;1;0;0;0;1;0;0;0;0;0;0.0;0
942;w_H1_P70;1320.0;1320.0;n3300440;n3300440;w;0;0;0;1;0;0;0;0;1;0;0;0;1;0;0;0;0;0;0.0;0
943;c_H1_P70;1320.0;1320.0;n3300440;n3300440;c;0;0;0;0;1;0;0;0;1;0;0;0;1;0;0;0;0;0;0.0;0
944;w_H1_P71;1335.0;1335.0;n3300440;n3300440;w;0;0;0;1;0;0;0;0;1;0;0;0;1;0;0;0;0;0;0.0;0
945;c_H1_P71;1335.0;1335.0;n3300440;n3300440;c;0;0;0;0;1;0;0;0;1;0;0;0;1;0;0;0;0;0;0.0;0
946;w_H1_P72;1350.0;1350.0;n3300440;n3300440;w;0;0;0;1;0;0;0;0;1;0;0;0;1;0;0;0;0;0;0.0;0
947;c_H1_P72;1350.0;1350.0;n3300440;n3300440;c;0;0;0;0;1;0;0;0;1;0;0;0;1;0;0;0;0;0;0.0;0
948;w_H1_P73;1365.0;1365.0;n3300440;n3300440;w;0;0;0;1;0;0;0;0;1;0;0;0;1;0;0;0;0;0;0.0;0
949;c_H1_P73;1365.0;1365.0;n3300440;n3300440;c;0;0;0;0;1;0;0;0;1;0;0;0;1;0;0;0;0;0;0.0;0
950;w_H1_P74;1380.0;1380.0;n3300440;n3300440;w;0;0;0;1;0;0;0;0;1;0;0;0;1;0;0;0;0;0;0.0;0
951;c_H1_P74;1380.0;1380.0;n3300440;n3300440;c;0;0;0;0;1;0;0;0;1;0;0;0;1;0;0;0;0;0;0.0;0
952;w_H1_P75;1395.0;1395.0;n3300440;n3300440;w;0;0;0;1;0;0;0;0;1;0;0;0;1;0;0;0;0;0;0.0;0
953;c_H1_P75;1395.0;1395.0;n3300440;n3300440;c;0;0;0;0;1;0;0;0;1;0;0;0;1;0;0;0;0;0;0.0;0
954;w_H1_P76;1410.0;1410.0;n3300440;n3300440;w;0;0;0;1;0;0;0;0;1;0;0;0;1;0;0;0;0;0;0.0;0
955;c_H1_P76;1410.0;1410.0;n3300440;n3300440;c;0;0;0;0;1;0;0;0;1;0;0;0;1;0;0;0;0;0;0.0;0
956;w_H1_P77;1425.0;1425.0;n3300440;n3300440;w;0;0;0;1;0;0;0;0;1;0;0;0;1;0;0;0;0;0;0.0;0
957;c_H1_P77;1425.0;1425.0;n3300440;n3300440;c;0;0;0;0;1;0;0;0;1;0;0;0;1;0;0;0;0;0;0.0;0
958;w_H1_P78;1440.0;1440.0;n3300440;n3300440;w;0;0;0;1;0;0;0;0;1;0;0;0;1;0;0;0;0;0;0.0;0
959;c_H1_P78;1440.0;1440.0;n3300440;n3300440;c;0;0;0;0;1;0;0;0;1;0;0;0;1;0;0;0;0;0;0.0;0
960;w_H1_P79;1455.0;1455.0;n3300440;n3300440;w;0;0;0;1;0;0;0;0;1;0;0;0;1;0;0;0;0;0;0.0;0
961;c_H1_P79;1455.0;1455.0;n3300440;n3300440;c;0;0;0;0;1;0;0;0;1;0;0;0;1;0;0;0;0;0;0.0;0
962;w_H1_P80;1470.0;1470.0;n3300440;n3300440;w;0;0;0;1;0;0;0;0;1;0;0;0;1;0;0;0;0;0;0.0;0
963;c_H1_P80;1470.0;1470.0;n3300440;n3300440;c;0;0;0;0;1;0;0;0;1;0;0;0;1;0;0;0;0;0;0.0;0
964;w_H1_P81;1485.0;1485.0;n3300440;n3300440;w;0;0;0;1;0;0;0;0;1;0;0;0;1;0;0;0;0;0;0.0;0
965;c_H1_P81;1485.0;1485.0;n3300440;n3300440;c;0;0;0;0;1;0;0;0;1;0;0;0;1;0;0;0;0;0;0.0;0
